वाक्यम्,कर्ता,कर्म,क्रिया,कालः
रामः वनं गच्छति,रामः,वनम्,गच्छति,वर्तमान
बालकः फलं खादति,बालकः,फलम्,खादति,वर्तमान
कृष्णः वेणुं वादयति,कृष्णः,वेणुम्,वादयति,वर्तमान
सीता रामायणं पठति,सीता,रामायणम्,पठति,वर्तमान
अहं विद्यालयं गच्छामि,अहम्,विद्यालयम्,गच्छामि,वर्तमान
शिष्यः प्रश्नं पृच्छति,शिष्यः,प्रश्नम्,पृच्छति,वर्तमान
गुरुः ज्ञानं ददाति,गुरुः,ज्ञानम्,ददाति,वर्तमान
मकरः जलं पिबति,मकरः,जलम्,पिबति,वर्तमान
बालिका पत्रं लिखति,बालिका,पत्रम्,लिखति,वर्तमान
मुनिः सत्यं वदति,मुनिः,सत्यम्,वदति,वर्तमान
अर्जुनः शत्रुं पश्यति,अर्जुनः,शत्रुम्,पश्यति,वर्तमान
नृपः धर्मं रक्षति,नृपः,धर्मम्,रक्षति,वर्तमान
कृषकः अन्नं पचति,कृषकः,अन्नम्,पचति,वर्तमान
त्वं श्लोकं स्मरसि,त्वम्,श्लोकम्,स्मरसि,वर्तमान
सा चित्रं पश्यति,सा,चित्रम्,पश्यति,वर्तमान
वयम् ओदनं खादामः,वयम्,ओदनम्,खादामः,वर्तमान
यूयं कथां शृणुथ,यूयम्,कथाम्,शृणुथ,वर्तमान
वैद्यः औषधिं ददाति,वैद्यः,औषधिम्,ददाति,वर्तमान
आरक्षकः चौरं ताडयति,आरक्षकः,चौरम्,ताडयति,वर्तमान
माता दुग्धं पचति,माता,दुग्धम्,पचति,वर्तमान
सः ग्रामं गमिष्यति,सः,ग्रामम्,गमिष्यति,भविष्यत्
रामः रावणं हनिष्यति,रामः,रावणम्,हनिष्यति,भविष्यत्
बालकः फलं खादिष्यति,बालकः,फलम्,खादिष्यति,भविष्यत्
कृष्णः कंसं जेष्यति,कृष्णः,कंसम्,जेष्यति,भविष्यत्
सीता कथां वदिष्यति,सीता,कथाम्,वदिष्यति,भविष्यत्
अहं पाठं पठिष्यामि,अहम्,पाठम्,पठिष्यामि,भविष्यत्
शिष्यः ज्ञानं लप्स्यते,शिष्यः,ज्ञानम्,लप्स्यते,भविष्यत्
गुरुः पुस्तकं दास्यति,गुरुः,पुस्तकम्,दास्यति,भविष्यत्
बालिका गीतं गास्यति,बालिका,गीतम्,गास्यति,भविष्यत्
मुनिः तपः करिष्यति,मुनिः,तपः,करिष्यति,भविष्यत्
अर्जुनः बाणं मोक्ष्यति,अर्जुनः,बाणम्,मोक्ष्यति,भविष्यत्
नृपः राष्ट्रं रक्षिष्यति,नृपः,राष्ट्रम्,रक्षिष्यति,भविष्यत्
कृषकः बीजं वप्स्यति,कृषकः,बीजम्,वप्स्यति,भविष्यत्
त्वं जलं पास्यसि,त्वम्,जलम्,पास्यसि,भविष्यत्
सा वस्त्रं प्रक्षालयिष्यति,सा,वस्त्रम्,प्रक्षालयिष्यति,भविष्यत्
वयं नाटकं द्रक्ष्यामः,वयम्,नाटकम्,द्रक्ष्यामः,भविष्यत्
यूयं गृहं गमिष्यथ,यूयम्,गृहम्,गमिष्यथ,भविष्यत्
वैद्यः रोगं ज्ञास्यति,वैद्यः,रोगम्,ज्ञास्यति,भविष्यत्
आरक्षकः नगरं रक्षिष्यति,आरक्षकः,नगरम्,रक्षिष्यति,भविष्यत्
माता अन्नं पचिष्यति,माता,अन्नम्,पचिष्यति,भविष्यत्
रामः वनम् अगच्छत्,रामः,वनम्,अगच्छत्,भूत
बालकः फलम् अखादत्,बालकः,फलम्,अखादत्,भूत
कृष्णः दुग्धम् अपिबत्,कृष्णः,दुग्धम्,अपिबत्,भूत
सीता रामायणम् अपठत्,सीता,रामायणम्,अपठत्,भूत
अहम् ओदनम् अखादम्,अहम्,ओदनम्,अखादम्,भूत
शिष्यः प्रश्नम् अपृच्छत्,शिष्यः,प्रश्नम्,अपृच्छत्,भूत
गुरुः ज्ञानम् अददात्,गुरुः,ज्ञानम्,अददात्,भूत
बालिका पत्रम् अलिखत्,बालिका,पत्रम्,अलिखत्,भूत
मुनिः सत्यम् अवदत्,मुनिः,सत्यम्,अवदत्,भूत
अर्जुनः रथम् अनयत्,अर्जुनः,रथम्,अनयत्,भूत
नृपः दानम् अकरोत्,नृपः,दानम्,अकरोत्,भूत
कृषकः भारम् अहरत्,कृषकः,भारम्,अहरत्,भूत
त्वं श्लोकम् अस्मरः,त्वम्,श्लोकम्,अस्मरः,भूत
सा चित्रम् अपश्यत्,सा,चित्रम्,अपश्यत्,भूत
वयं कथाम् अशृणुम,वयम्,कथाम्,अशृणुम,भूत
यूयम् आपणम् अगच्छत,यूयम्,आपणम्,अगच्छत,भूत
वैद्यः नाडीम् अपश्यत्,वैद्यः,नाडीम्,अपश्यत्,भूत
आरक्षकः धनम् अरक्षत्,आरक्षकः,धनम्,अरक्षत्,भूत
माता भोजनम् अपचत्,माता,भोजनम्,अपचत्,भूत
पिता कार्यम् अकरोत्,पिता,कार्यम्,अकरोत्,भूत
सिंहः मृगं हन्ति,सिंहः,मृगम्,हन्ति,वर्तमान
गजः जलं पिबति,गजः,जलम्,पिबति,वर्तमान
वानरः फलं क्षिपति,वानरः,फलम्,क्षिपति,वर्तमान
मयूरः सर्पं पश्यति,मयूरः,सर्पम्,पश्यति,वर्तमान
शुकः दाडिमं खादति,शुकः,दाडिमम्,खादति,वर्तमान
कपोतः धान्यं खादति,कपोतः,धान्यम्,खादति,वर्तमान
अश्वः घासं खादति,अश्वः,घासम्,खादति,वर्तमान
धेनुः क्षीरं यच्छति,धेनुः,क्षीरम्,यच्छति,वर्तमान
महिला जलं नयति,महिला,जलम्,नयति,वर्तमान
आपणिकः धान्यं ददाति,आपणिकः,धान्यम्,ददाति,वर्तमान
सेवकः गृहं मार्जयति,सेवकः,गृहम्,मार्जयति,वर्तमान
सैनिकः देशं रक्षति,सैनिकः,देशम्,रक्षति,वर्तमान
कविः काव्यं रचयति,कविः,काव्यम्,रचयति,वर्तमान
भ्राता भगिनीं रक्षति,भ्राता,भगिनीम्,रक्षति,वर्तमान
मित्रं चित्रं पश्यति,मित्रम्,चित्रम्,पश्यति,वर्तमान
देवः वरं ददाति,देवः,वरम्,ददाति,वर्तमान
जनः वार्तां शृणोति,जनः,वार्ताम्,शृणोति,वर्तमान
कृषकः क्षेत्रं कर्षति,कृषकः,क्षेत्रम्,कर्षति,वर्तमान
भिक्षुकः अन्नं याचते,भिक्षुकः,अन्नम्,याचते,वर्तमान
पण्डितः शास्त्रं बोधयति,पण्डितः,शास्त्रम्,बोधयति,वर्तमान
सिंहः मृगं हनिष्यति,सिंहः,मृगम्,हनिष्यति,भविष्यत्
गजः वनं गमिष्यति,गजः,वनम्,गमिष्यति,भविष्यत्
वानरः फलं त्यक्ष्यति,वानरः,फलम्,त्यक्ष्यति,भविष्यत्
मयूरः नृत्यं करिष्यति,मयूरः,नृत्यम्,करिष्यति,भविष्यत्
शुकः वचनं वदिष्यति,शुकः,वचनम्,वदिष्यति,भविष्यत्
कपोतः गगनं गमिष्यति,कपोतः,गगनम्,गमिष्यति,भविष्यत्
अश्वः भारं वक्ष्यति,अश्वः,भारम्,वक्ष्यति,भविष्यत्
धेनुः दुग्धं दास्यति,धेनुः,दुग्धम्,दास्यति,भविष्यत्
महिला पुष्पं त्रोटयिष्यति,महिला,पुष्पम्,त्रोटयिष्यति,भविष्यत्
आपणिकः धनं लप्स्यते,आपणिकः,धनम्,लप्स्यते,भविष्यत्
सेवकः कार्यं करिष्यति,सेवकः,कार्यम्,करिष्यति,भविष्यत्
सैनिकः युद्धं करिष्यति,सैनिकः,युद्धम्,करिष्यति,भविष्यत्
कविः श्लोकं लेखिष्यति,कविः,श्लोकम्,लेखिष्यति,भविष्यत्
भ्राता सन्देशं नेष्यति,भ्राता,सन्देशम्,नेष्यति,भविष्यत्
मित्रं साहाय्यं करिष्यति,मित्रम्,साहाय्यम्,करिष्यति,भविष्यत्
देवः आशीर्वादं दास्यति,देवः,आशीर्वादम्,दास्यति,भविष्यत्
जनः उत्सवं द्रक्ष्यति,जनः,उत्सवम्,द्रक्ष्यति,भविष्यत्
कृषकः फलं विक्रेष्यते,कृषकः,फलम्,विक्रेष्यते,भविष्यत्
भिक्षुकः धनं याचिष्यते,भिक्षुकः,धनम्,याचिष्यते,भविष्यत्
पण्डितः मन्त्रं पठिष्यति,पण्डितः,मन्त्रम्,पठिष्यति,भविष्यत्
सिंहः गर्जनम् अकरोत्,सिंहः,गर्जनम्,अकरोत्,भूत
गजः वृक्षम् अत्रोटयत्,गजः,वृक्षम्,अत्रोटयत्,भूत
वानरः कूर्दनम् अकरोत्,वानरः,कूर्दनम्,अकरोत्,भूत
मयूरः मेघम् अपश्यत्,मयूरः,मेघम्,अपश्यत्,भूत
शुकः बीजम् अखादत्,शुकः,बीजम्,अखादत्,भूत
कपोतः नीडम् अरचयत्,कपोतः,नीडम्,अरचयत्,भूत
अश्वः मार्गम् अधावत्,अश्वः,मार्गम्,अधावत्,भूत
धेनुः वत्सम् अपश्यत्,धेनुः,वत्सम्,अपश्यत्,भूत
महिला कुम्भम् अनयत्,महिला,कुम्भम्,अनयत्,भूत
आपणिकः तण्डुलम् अतुलयत्,आपणिकः,तण्डुलम्,अतुलयत्,भूत
सेवकः वस्त्रम् अक्षालयत्,सेवकः,वस्त्रम्,अक्षालयत्,भूत
सैनिकः शस्त्रम् अधारयत्,सैनिकः,शस्त्रम्,अधारयत्,भूत
कविः राजानम् अस्तौत्,कविः,राजानम्,अस्तौत्,भूत
भ्राता पुस्तकम् अददात्,भ्राता,पुस्तकम्,अददात्,भूत
मित्रं गृहम् अगच्छत्,मित्रम्,गृहम्,अगच्छत्,भूत
देवः असुरम् अमारयत्,देवः,असुरम्,अमारयत्,भूत
जनः देवम् अनमत्,जनः,देवम्,अनमत्,भूत
कृषकः बीजम् अवपत्,कृषकः,बीजम्,अवपत्,भूत
भिक्षुकः वस्त्रम् अयाचत,भिक्षुकः,वस्त्रम्,अयाचत,भूत
पण्डितः ज्ञानम् अभाषत,पण्डितः,ज्ञानम्,अभाषत,भूत
रामः दण्डं धारयति,रामः,दण्डम्,धारयति,वर्तमान
गोपालः धेनुं चारयति,गोपालः,धेनुम्,चारयति,वर्तमान
गोविन्दः घटं पूरयति,गोविन्दः,घटम्,पूरयति,वर्तमान
रमा पुष्पं जिघ्रति,रमा,पुष्पम्,जिघ्रति,वर्तमान
राधा कृष्णं स्मरति,राधा,कृष्णम्,स्मरति,वर्तमान
गणेशः मोदकं खादति,गणेशः,मोदकम्,खादति,वर्तमान
शिवः विषं पिबति,शिवः,विषम्,पिबति,वर्तमान
ब्रह्मा जगत् सृजति,ब्रह्मा,जगत्,सृजति,वर्तमान
विष्णुः विश्वं पालयति,विष्णुः,विश्वम्,पालयति,वर्तमान
लक्ष्मीः धनं ददाति,लक्ष्मीः,धनम्,ददाति,वर्तमान
सरस्वती वीणां वादयति,सरस्वती,वीणाम्,वादयति,वर्तमान
इन्द्रः वृष्टिं करोति,इन्द्रः,वृष्टिम्,करोति,वर्तमान
वायुः गन्धं वहति,वायुः,गन्धम्,वहति,वर्तमान
सूर्यः प्रकाशं यच्छति,सूर्यः,प्रकाशम्,यच्छति,वर्तमान
चन्द्रः शीतलतां ददाति,चन्द्रः,शीतलताम्,ददाति,वर्तमान
अग्निः काष्ठं दहति,अग्निः,काष्ठम्,दहति,वर्तमान
वरुणः पाशं धारयति,वरुणः,पाशम्,धारयति,वर्तमान
यमः दण्डं नयति,यमः,दण्डम्,नयति,वर्तमान
कुबेरः निधिं रक्षति,कुबेरः,निधिम्,रक्षति,वर्तमान
कामः बाणं मुञ्चति,कामः,बाणम्,मुञ्चति,वर्तमान
रामः लङ्कां गमिष्यति,रामः,लङ्काम्,गमिष्यति,भविष्यत्
गोपालः तक्रं मथिष्यति,गोपालः,तक्रम्,मथिष्यति,भविष्यत्
गोविन्दः गोकुलं त्यक्ष्यति,गोविन्दः,गोकुलम्,त्यक्ष्यति,भविष्यत्
रमा मालां रचयिष्यति,रमा,मालाम्,रचयिष्यति,भविष्यत्
राधा गीतं गास्यति,राधा,गीतम्,गास्यति,भविष्यत्
गणेशः विघ्नं हरिष्यति,गणेशः,विघ्नम्,हरिष्यति,भविष्यत्
शिवः ताण्डवं करिष्यति,शिवः,ताण्डवम्,करिष्यति,भविष्यत्
ब्रह्मा वेदं वदिष्यति,ब्रह्मा,वेदम्,वदिष्यति,भविष्यत्
विष्णुः शङ्खं ध्मास्यति,विष्णुः,शङ्खम्,ध्मास्यति,भविष्यत्
लक्ष्मीः समृद्धिं दास्यति,लक्ष्मीः,समृद्धिम्,दास्यति,भविष्यत्
सरस्वती पुस्तकं धारयिष्यति,सरस्वती,पुस्तकम्,धारयिष्यति,भविष्यत्
इन्द्रः वज्रं प्रहरिष्यति,इन्द्रः,वज्रम्,प्रहरिष्यति,भविष्यत्
वायुः मेघं नेष्यति,वायुः,मेघम्,नेष्यति,भविष्यत्
सूर्यः तमः नाशयिष्यति,सूर्यः,तमः,नाशयिष्यति,भविष्यत्
चन्द्रः चकोरं तोषयिष्यति,चन्द्रः,चकोरम्,तोषयिष्यति,भविष्यत्
अग्निः हविः धक्ष्यति,अग्निः,हविः,धक्ष्यति,भविष्यत्
वरुणः जलं वर्षिष्यति,वरुणः,जलम्,वर्षिष्यति,भविष्यत्
यमः प्राणं हरिष्यति,यमः,प्राणम्,हरिष्यति,भविष्यत्
कुबेरः स्वर्णं दास्यति,कुबेरः,स्वर्णम्,दास्यति,भविष्यत्
कामः मनः क्षोभयिष्यति,कामः,मनः,क्षोभयिष्यति,भविष्यत्
देवदत्तः ग्रामम् अगच्छत्,देवदत्तः,ग्रामम्,अगच्छत्,भूत
यज्ञदत्तः मन्त्रम् अपठत्,यज्ञदत्तः,मन्त्रम्,अपठत्,भूत
सोमदत्तः धनम् अहरत्,सोमदत्तः,धनम्,अहरत्,भूत
भद्रसेनः खड्गम् अचालयत्,भद्रसेनः,खड्गम्,अचालयत्,भूत
चारुदत्तः पादपम् असिञ्चत्,चारुदत्तः,पादपम्,असिञ्चत्,भूत
वसन्तसेना आभूषणम् अधारयत्,वसन्तसेना,आभूषणम्,अधारयत्,भूत
चाणक्यः नीतिम् अबोधयत्,चाणक्यः,नीतिम्,अबोधयत्,भूत
चन्द्रगुप्तः राज्यम् अकरोत्,चन्द्रगुप्तः,राज्यम्,अकरोत्,भूत
बिन्दुसारः शत्रुम् अजयत्,बिन्दुसारः,शत्रुम्,अजयत्,भूत
अशोकः स्तम्भम् अस्थापयत्,अशोकः,स्तम्भम्,अस्थापयत्,भूत
कालिदासः नाटकम् अरचयत्,कालिदासः,नाटकम्,अरचयत्,भूत
वाल्मीकिः रामायणम् अलिखत्,वाल्मीकिः,रामायणम्,अलिखत्,भूत
व्यासः महाभारतम् अगायत्,व्यासः,महाभारतम्,अगायत्,भूत
पाणिनिः व्याकरणम् अरचयत्,पाणिनिः,व्याकरणम्,अरचयत्,भूत
पतञ्जलिः योगम् अदर्शयत्,पतञ्जलिः,योगम्,अदर्शयत्,भूत
सुश्रुतः शल्यम् अकरोत्,सुश्रुतः,शल्यम्,अकरोत्,भूत
चरकः ग्रन्थम् अलिखत्,चरकः,ग्रन्थम्,अलिखत्,भूत
आर्यभटः गणितम् असाधयत्,आर्यभटः,गणितम्,असाधयत्,भूत
भास्कराचार्यः सिद्धान्तम् अदर्शयत्,भास्कराचार्यः,सिद्धान्तम्,अदर्शयत्,भूत
वराहमिहिरः ग्रन्थम् अलिखत्,वराहमिहिरः,ग्रन्थम्,अलिखत्,भूत
व्याधः बाणं मुञ्चति,व्याधः,बाणम्,मुञ्चति,वर्तमान
धीवरः जालं क्षिपति,धीवरः,जालम्,क्षिपति,वर्तमान
रजकः वस्त्रं क्षालयति,रजकः,वस्त्रम्,क्षालयति,वर्तमान
कुम्भकारः घटं रचयति,कुम्भकारः,घटम्,रचयति,वर्तमान
स्वर्णकारः अलङ्कारं करोति,स्वर्णकारः,अलङ्कारम्,करोति,वर्तमान
चर्मकारः पादरक्षां सीव्यति,चर्मकारः,पादरक्षाम्,सीव्यति,वर्तमान
नापितः केशं कर्तयति,नापितः,केशम्,कर्तयति,वर्तमान
तक्षकः काष्ठं तक्षति,तक्षकः,काष्ठम्,तक्षति,वर्तमान
लोहकारः लोहं तापयति,लोहकारः,लोहम्,तापयति,वर्तमान
आपणिकः तण्डुलं तौलयति,आपणिकः,तण्डुलम्,तौलयति,वर्तमान
छात्रः पुस्तकं नेष्यति,छात्रः,पुस्तकम्,नेष्यति,भविष्यत्
आचार्यः उपदेशं दास्यति,आचार्यः,उपदेशम्,दास्यति,भविष्यत्
अतिथिः भोजनं खादिष्यति,अतिथिः,भोजनम्,खादिष्यति,भविष्यत्
गायकः गीतं गास्यति,गायकः,गीतम्,गास्यति,भविष्यत्
वादकः वाद्यं वादयिष्यति,वादकः,वाद्यम्,वादयिष्यति,भविष्यत्
नर्तकः रङ्गं प्राविशत्,नर्तकः,रङ्गम्,प्राविशत्,भूत
चालकः शकटम् अचालयत्,चालकः,शकटम्,अचालयत्,भूत
यात्रिकः मार्गम् अपृच्छत्,यात्रिकः,मार्गम्,अपृच्छत्,भूत
दर्शकः चलचित्रम् अपश्यत्,दर्शकः,चलचित्रम्,अपश्यत्,भूत
लेखकः लेखम् अलिखत्,लेखकः,लेखम्,अलिखत्,भूत
याजकः हविः जुहोति,याजकः,हविः,जुहोति,वर्तमान
तपस्वी मन्त्रं जपति,तपस्वी,मन्त्रम्,जपति,वर्तमान
संन्यासी दण्डं गृह्णाति,संन्यासी,दण्डम्,गृह्णाति,वर्तमान
वटुः समिधम् आहन्ति,वटुः,समिधम्,आहन्ति,वर्तमान
उपाध्यायः वेदम् अध्यापयति,उपाध्यायः,वेदम्,अध्यापयति,वर्तमान
अध्येता विद्यां गृह्णाति,अध्येता,विद्याम्,गृह्णाति,वर्तमान
साधकः सिद्धिं विन्दति,साधकः,सिद्धिम्,विन्दति,वर्तमान
विद्वान् सभे पश्यति,विद्वान्,सभे,पश्यति,वर्तमान
पण्डितः अर्थं व्याचष्टे,पण्डितः,अर्थम्,व्याचष्टे,वर्तमान
कविः रसम् आस्वादयति,कविः,रसम्,आस्वादयति,वर्तमान
गायकः रागं विस्तारयति,गायकः,रागम्,विस्तारयति,वर्तमान
नर्तकी भावं नटति,नर्तकी,भावम्,नटति,वर्तमान
चित्रकारः रूपं लिखति,चित्रकारः,रूपम्,लिखति,वर्तमान
शिल्पी पाषाणं तक्षति,शिल्पी,पाषाणम्,तक्षति,वर्तमान
तक्षकः रथं रचयति,तक्षकः,रथम्,रचयति,वर्तमान
कर्मकरः सेतुं बध्नाति,कर्मकरः,सेतुम्,बध्नाति,वर्तमान
कौलालः मृदं मृद्नाति,कौलालः,मृदम्,मृद्नाति,वर्तमान
सुवर्णकारः कुण्डलं करोति,सुवर्णकारः,कुण्डलम्,करोति,वर्तमान
सौचिकः कञ्चुकं सीव्यति,सौचिकः,कञ्चुकम्,सीव्यति,वर्तमान
रजकः मलं दूरीकरोति,रजकः,मलम्,दूरीकरोति,वर्तमान
याजकः हविः होष्यति,याजकः,हविः,होष्यति,भविष्यत्
तपस्वी मन्त्रं जपिष्यति,तपस्वी,मन्त्रम्,जपिष्यति,भविष्यत्
संन्यासी दण्डं ग्रहीष्यति,संन्यासी,दण्डम्,ग्रहीष्यति,भविष्यत्
वटुः समिधम् आहरिष्यति,वटुः,समिधम्,आहरिष्यति,भविष्यत्
उपाध्यायः वेदम् अध्यापयिष्यति,उपाध्यायः,वेदम्,अध्यापयिष्यति,भविष्यत्
अध्येता विद्यां ग्रहीष्यति,अध्येता,विद्याम्,ग्रहीष्यति,भविष्यत्
साधकः सिद्धिं वेत्स्यति,साधकः,सिद्धिम्,वेत्स्यति,भविष्यत्
विद्वान् सभां द्रक्ष्यति,विद्वान्,सभाम्,द्रक्ष्यति,भविष्यत्
पण्डितः अर्थं व्याचक्षिष्यते,पण्डितः,अर्थम्,व्याचक्षिष्यते,भविष्यत्
कविः रसम् आस्वादयिष्यति,कविः,रसम्,आस्वादयिष्यति,भविष्यत्
गायकः रागं विस्तारयिष्यति,गायकः,रागम्,विस्तारयिष्यति,भविष्यत्
नर्तकी भावं नटिष्यति,नर्तकी,भावम्,नटिष्यति,भविष्यत्
चित्रकारः रूपं लेखिष्यति,चित्रकारः,रूपम्,लेखिष्यति,भविष्यत्
शिल्पी पाषाणं तक्षिष्यति,शिल्पी,पाषाणम्,तक्षिष्यति,भविष्यत्
तक्षकः रथं रचयिष्यति,तक्षकः,रथम्,रचयिष्यति,भविष्यत्
कर्मकरः सेतुं भन्त्स्यति,कर्मकरः,सेतुम्,भन्त्स्यति,भविष्यत्
कौलालः मृदं मर्दिष्यति,कौलालः,मृदम्,मर्दिष्यति,भविष्यत्
सुवर्णकारः कुण्डलं करिष्यति,सुवर्णकारः,कुण्डलम्,करिष्यति,भविष्यत्
सौचिकः कञ्चुकं सीविष्यति,सौचिकः,कञ्चुकम्,सीविष्यति,भविष्यत्
रजकः मलं दूरीकरिष्यति,रजकः,मलम्,दूरीकरिष्यति,भविष्यत्
याजकः हविः अजुहोत्,याजकः,हविः,अजुहोत्,भूत
तपस्वी मन्त्रम् अजपत्,तपस्वी,मन्त्रम्,अजपत्,भूत
संन्यासी दण्डम् अगृह्णात्,संन्यासी,दण्डम्,अगृह्णात्,भूत
वटुः समिधम् आहरत्,वटुः,समिधम्,आहरत्,भूत
उपाध्यायः वेदम् अध्यापयत्,उपाध्यायः,वेदम्,अध्यापयत्,भूत
अध्येता विद्याम् अगृह्णात्,अध्येता,विद्याम्,अगृह्णात्,भूत
साधकः सिद्धिम् अविन्दत्,साधकः,सिद्धिम्,अविन्दत्,भूत
विद्वान् सभाम् अपश्यत्,विद्वान्,सभाम्,अपश्यत्,भूत
पण्डितः अर्थं व्याचष्ट,पण्डितः,अर्थम्,व्याचष्ट,भूत
कविः रसम् आस्वादयत्,कविः,रसम्,आस्वादयत्,भूत
गायकः रागम् अविस्तारयत्,गायकः,रागम्,अविस्तारयत्,भूत
नर्तकी भावम् अनटत्,नर्तकी,भावम्,अनटत्,भूत
चित्रकारः रूपम् अलिखत्,चित्रकारः,रूपम्,अलिखत्,भूत
शिल्पी पाषाणम् अतक्षत्,शिल्पी,पाषाणम्,अतक्षत्,भूत
तक्षकः रथम् अरचयत्,तक्षकः,रथम्,अरचयत्,भूत
कर्मकरः सेतुम् अबध्नात्,कर्मकरः,सेतुम्,अबध्नात्,भूत
कौलालः मृदम् अमृद्नात्,कौलालः,मृदम्,अमृद्नात्,भूत
सुवर्णकारः कुण्डलम् अकरोत्,सुवर्णकारः,कुण्डलम्,अकरोत्,भूत
सौचिकः कञ्चुकम् असीव्यत्,सौचिकः,कञ्चुकम्,असीव्यत्,भूत
रजकः मलम् दूरीअकरोत्,रजकः,मलम्,दूरीअकरोत्,भूत
भृत्यः जलम् आनयति,भृत्यः,जलम्,आनयति,वर्तमान
पाचकः सूपं पचति,पाचकः,सूपम्,पचति,वर्तमान
परिचारकः व्यजनं वीजयति,परिचारकः,व्यजनम्,वीजयति,वर्तमान
रक्षकः प्रासादं रक्षति,रक्षकः,प्रासादम्,रक्षति,वर्तमान
दूतः सन्देशं हरति,दूतः,सन्देशम्,हरति,वर्तमान
मल्लः बाहुं स्फोटयति,मल्लः,बाहुम्,स्फोटयति,वर्तमान
व्यायामवीरः दण्डं करोति,व्यायामवीरः,दण्डम्,करोति,वर्तमान
धावकः परिधिं धावति,धावकः,परिधिम्,धावति,वर्तमान
प्लवकः नदीं तरति,प्लवकः,नदीम्,तरति,वर्तमान
आरोहकः पर्वतं रोहति,आरोहकः,पर्वतम्,रोहति,वर्तमान
क्रीडकः कन्दुकं क्षिपति,क्रीडकः,कन्दुकम्,क्षिपति,वर्तमान
शिकारी बाणं मुञ्चति,शिकारी,बाणम्,मुञ्चति,वर्तमान
व्याधः मृगं विध्यति,व्याधः,मृगम्,विध्यति,वर्तमान
गोपः धेनुं दोग्धि,गोपः,धेनुम्,दोग्धि,वर्तमान
कौलिकः पटं वयति,कौलिकः,पटम्,वयति,वर्तमान
तन्तुवायः तन्तुं तनोति,तन्तुवायः,तन्तुम्,तनोति,वर्तमान
आपणिकः मूल्यं पृच्छति,आपणिकः,मूल्यम्,पृच्छति,वर्तमान
क्रेता धनं ददाति,क्रेता,धनम्,ददाति,वर्तमान
विक्रेता वस्तु यच्छति,विक्रेता,वस्तु,यच्छति,वर्तमान
धनिकः सुवर्णं सञ्चिनोति,धनिकः,सुवर्णम्,सञ्चिनोति,वर्तमान
भृत्यः जलम् आनेष्यति,भृत्यः,जलम्,आनेष्यति,भविष्यत्
पाचकः सूपं पचिष्यति,पाचकः,सूपम्,पचिष्यति,भविष्यत्
परिचारकः व्यजनं वीजयिष्यति,परिचारकः,व्यजनम्,वीजयिष्यति,भविष्यत्
रक्षकः प्रासादं रक्षिष्यति,रक्षकः,प्रासादम्,रक्षिष्यति,भविष्यत्
दूतः सन्देशं हरिष्यति,दूतः,सन्देशम्,हरिष्यति,भविष्यत्
मल्लः बाहुं स्फोटयिष्यति,मल्लः,बाहुम्,स्फोटयिष्यति,भविष्यत्
व्यायामवीरः दण्डं करिष्यति,व्यायामवीरः,दण्डम्,करिष्यति,भविष्यत्
धावकः परिधिं धाविष्यति,धावकः,परिधिम्,धाविष्यति,भविष्यत्
प्लवकः नदीं तरिष्यति,प्लवकः,नदीम्,तरिष्यति,भविष्यत्
आरोहकः पर्वतं रोक्ष्यति,आरोहकः,पर्वतम्,रोक्ष्यति,भविष्यत्
क्रीडकः कन्दुकं क्षेप्स्यति,क्रीडकः,कन्दुकम्,क्षेप्स्यति,भविष्यत्
शिकारी बाणं मोक्ष्यति,शिकारी,बाणम्,मोक्ष्यति,भविष्यत्
व्याधः मृगं वेत्स्यति,व्याधः,मृगम्,वेत्स्यति,भविष्यत्
गोपः धेनुं धोक्ष्यति,गोपः,धेनुम्,धोक्ष्यति,भविष्यत्
कौलिकः पटं वयिष्यति,कौलिकः,पटम्,वयिष्यति,भविष्यत्
तन्तुवायः तन्तुं तनिष्यति,तन्तुवायः,तन्तुम्,तनिष्यति,भविष्यत्
आपणिकः मूल्यं प्रक्ष्यति,आपणिकः,मूल्यम्,प्रक्ष्यति,भविष्यत्
क्रेता धनं दास्यति,क्रेता,धनम्,दास्यति,भविष्यत्
विक्रेता वस्तु यम्स्यति,विक्रेता,वस्तु,यम्स्यति,भविष्यत्
धनिकः सुवर्णं सञ्चेष्यति,धनिकः,सुवर्णम्,सञ्चेष्यति,भविष्यत्
भृत्यः जलम् आनयत्,भृत्यः,जलम्,आनयत्,भूत
पाचकः सूपम् अपचत्,पाचकः,सूपम्,अपचत्,भूत
परिचारकः व्यजनम् अवीजयत्,परिचारकः,व्यजनम्,अवीजयत्,भूत
रक्षकः प्रासादम् अरक्षत्,रक्षकः,प्रासादम्,अरक्षत्,भूत
दूतः सन्देशम् अहरत्,दूतः,सन्देशम्,अहरत्,भूत
मल्लः बाहुम् अस्फोटयत्,मल्लः,बाहुम्,अस्फोटयत्,भूत
व्यायामवीरः दण्डम् अकरोत्,व्यायामवीरः,दण्डम्,अकरोत्,भूत
धावकः परिधिम् अधावत्,धावकः,परिधिम्,अधावत्,भूत
प्लवकः नदीम् अतरत्,प्लवकः,नदीम्,अतरत्,भूत
आरोहकः पर्वतम् अरोहत्,आरोहकः,पर्वतम्,अरोहत्,भूत
क्रीडकः कन्दुकम् अक्षिपत्,क्रीडकः,कन्दुकम्,अक्षिपत्,भूत
शिकारी बाणम् अमुञ्चत्,शिकारी,बाणम्,अमुञ्चत्,भूत
व्याधः मृगम् अविध्यत्,व्याधः,मृगम्,अविध्यत्,भूत
गोपः धेनुम् अदोग्ध,गोपः,धेनुम्,अदोग्ध,भूत
कौलिकः पटम् अवयत्,कौलिकः,पटम्,अवयत्,भूत
तन्तुवायः तन्तुम् अतनोत्,तन्तुवायः,तन्तुम्,अतनोत्,भूत
आपणिकः मूल्यम् अपृच्छत्,आपणिकः,मूल्यम्,अपृच्छत्,भूत
क्रेता धनम् अददात्,क्रेता,धनम्,अददात्,भूत
विक्रेता वस्तु अयच्छत्,विक्रेता,वस्तु,अयच्छत्,भूत
धनिकः सुवर्णम् असञ्चिनोत्,धनिकः,सुवर्णम्,असञ्चिनोत्,भूत
भिक्षुः भिक्षां याचते,भिक्षुः,भिक्षाम्,याचते,वर्तमान
चोरः धनं चोरयति,चोरः,धनम्,चोरयति,वर्तमान
दस्युः ग्रामं लुण्ठति,दस्युः,ग्रामम्,लुण्ठति,वर्तमान
हन्ता प्राणान् हन्ति,हन्ता,प्राणान्,हन्ति,वर्तमान
व्याघ्री शावकं पोषयति,व्याघ्री,शावकम्,पोषयति,वर्तमान
सिंही गुहां प्रविशति,सिंही,गुहाम्,प्रविशति,वर्तमान
हस्ती तरुं भिनत्ति,हस्ती,तरुम्,भिनत्ति,वर्तमान
वृषभः शकटं कर्षति,वृषभः,शकटम्,कर्षति,वर्तमान
गर्दभः भारं वहति,गर्दभः,भारम्,वहति,वर्तमान
उष्ट्रः मरुं लङ्घते,उष्ट्रः,मरुम्,लङ्घते,वर्तमान
काकः पिण्डं भक्षयति,काकः,पिण्डम्,भक्षयति,वर्तमान
हंसः नीरं विविनक्ति,हंसः,नीरम्,विविनक्ति,वर्तमान
बकः मीनान् गिलति,बकः,मीनान्,गिलति,वर्तमान
कोकिलः पञ्चमं गायति,कोकिलः,पञ्चमम्,गायति,वर्तमान
भ्रमरः पुष्पं चुम्बति,भ्रमरः,पुष्पम्,चुम्बति,वर्तमान
मधुमक्षिका क्षौद्रं सञ्चिनोति,मधुमक्षिका,क्षौद्रम्,सञ्चिनोति,वर्तमान
मण्डूकः कीटं खादति,मण्डूकः,कीटम्,खादति,वर्तमान
कच्छपः कूर्पमं सङ्कोचयति,कच्छपः,कूर्पमम्,सङ्कोचयति,वर्तमान
मत्स्यः जलं गाहते,मत्स्यः,जलम्,गाहते,वर्तमान
सर्पः फणं विस्तारयति,सर्पः,फणम्,विस्तारयति,वर्तमान
भिक्षुः भिक्षां याचिष्यते,भिक्षुः,भिक्षाम्,याचिष्यते,भविष्यत्
चोरः धनं चोरयिष्यति,चोरः,धनम्,चोरयिष्यति,भविष्यत्
दस्युः ग्रामं लुण्ठिष्यति,दस्युः,ग्रामम्,लुण्ठिष्यति,भविष्यत्
हन्ता प्राणान् हनिष्यति,हन्ता,प्राणान्,हनिष्यति,भविष्यत्
व्याघ्री शावकं पोषयिष्यति,व्याघ्री,शावकम्,पोषयिष्यति,भविष्यत्
सिंही गुहां प्रवेक्ष्यति,सिंही,गुहाम्,प्रवेक्ष्यति,भविष्यत्
हस्ती तरुं भेत्स्यति,हस्ती,तरुम्,भेत्स्यति,भविष्यत्
वृषभः शकटं कर्क्ष्यति,वृषभः,शकटम्,कर्क्ष्यति,भविष्यत्
गर्दभः भारं वक्ष्यति,गर्दभः,भारम्,वक्ष्यति,भविष्यत्
उष्ट्रः मरुं लङ्घिष्यते,उष्ट्रः,मरुम्,लङ्घिष्यते,भविष्यत्
काकः पिण्डं भक्षयिष्यति,काकः,पिण्डम्,भक्षयिष्यति,भविष्यत्
हंसः नीरं विवेक्ष्यति,हंसः,नीरम्,विवेक्ष्यति,भविष्यत्
बकः मीनान् गिलिष्यति,बकः,मीनान्,गिलिष्यति,भविष्यत्
कोकिलः पञ्चमं गास्यति,कोकिलः,पञ्चमम्,गास्यति,भविष्यत्
भ्रमरः पुष्पं चुम्बिष्यति,भ्रमरः,पुष्पम्,चुम्बिष्यति,भविष्यत्
मधुमक्षिका क्षौद्रं सञ्चेष्यति,मधुमक्षिका,क्षौद्रम्,सञ्चेष्यति,भविष्यत्
मण्डूकः कीटं खादिष्यति,मण्डूकः,कीटम्,खादिष्यति,भविष्यत्
कच्छपः कूर्पमं सङ्कोचयिष्यति,कच्छपः,कूर्पमम्,सङ्कोचयिष्यति,भविष्यत्
मत्स्यः जलं गाहिष्यते,मत्स्यः,जलम्,गाहिष्यते,भविष्यत्
सर्पः फणं विस्तारयिष्यति,सर्पः,फणम्,विस्तारयिष्यति,भविष्यत्
भिक्षुः भिक्षाम् अयाचत,भिक्षुः,भिक्षाम्,अयाचत,भूत
चोरः धनम् अचोरयत्,चोरः,धनम्,अचोरयत्,भूत
दस्युः ग्रामम् अलुण्ठत्,दस्युः,ग्रामम्,अलुण्ठत्,भूत
हन्ता प्राणान् अहन्,हन्ता,प्राणान्,अहन्,भूत
व्याघ्री शावकम् अपोषयत्,व्याघ्री,शावकम्,अपोषयत्,भूत
सिंही गुहाम् प्राविशत्,सिंही,गुहाम्,प्राविशत्,भूत
हस्ती तरुम् अभिनत्,हस्ती,तरुम्,अभिनत्,भूत
वृषभः शकटम् अकर्षत्,वृषभः,शकटम्,अकर्षत्,भूत
गर्दभः भारम् अवहत्,गर्दभः,भारम्,अवहत्,भूत
उष्ट्रः मरुम् अलङ्घत,उष्ट्रः,मरुम्,अलङ्घत,भूत
काकः पिण्डम् अभक्षयत्,काकः,पिण्डम्,अभक्षयत्,भूत
हंसः नीरम् अविविनक्,हंसः,नीरम्,अविविनक्,भूत
बकः मीनान् अगिलत्,बकः,मीनान्,अगिलत्,भूत
कोकिलः पञ्चमम् अगायत्,कोकिलः,पञ्चमम्,अगायत्,भूत
भ्रमरः पुष्पम् अचुम्बत्,भ्रमरः,पुष्पम्,अचुम्बत्,भूत
मधुमक्षिका क्षौद्रम् असञ्चिनोत्,मधुमक्षिका,क्षौद्रम्,असञ्चिनोत्,भूत
मण्डूकः कीटम् अखादत्,मण्डूकः,कीटम्,अखादत्,भूत
कच्छपः कूर्पमम् असङ्कोचयत्,कच्छपः,कूर्पमम्,असङ्कोचयत्,भूत
मत्स्यः जलम् अगाहत,मत्स्यः,जलम्,अगाहत,भूत
सर्पः फणम् अविस्तारयत्,सर्पः,फणम्,अविस्तारयत्,भूत
बालकः क्षीरं पिबति,बालकः,क्षीरम्,पिबति,वर्तमान
बालिका पुष्पाणि चिनोति,बालिका,पुष्पाणि,चिनोति,वर्तमान
शिशुः रोदनं करोति,शिशुः,रोदनम्,करोति,वर्तमान
कुमारः धनुः आकर्षति,कुमारः,धनुः,आकर्षति,वर्तमान
कुमारी वेणीं गुम्फति,कुमारी,वेणीम्,गुम्फति,वर्तमान
तरुणः कन्यां पश्यति,तरुणः,कन्याम्,पश्यति,वर्तमान
तरुणी सखीम् आह्वयति,तरुणी,सखीम्,आह्वयति,वर्तमान
वृद्धः कासं करोति,वृद्धः,कासम्,करोति,वर्तमान
वृद्धा दण्डं धारयति,वृद्धा,दण्डम्,धारयति,वर्तमान
युवा उत्साहं दर्शयति,युवा,उत्साहम्,दर्शयति,वर्तमान
बालकः क्षीरं पास्यति,बालकः,क्षीरम्,पास्यति,भविष्यत्
बालिका पुष्पाणि चेष्यति,बालिका,पुष्पाणि,चेष्यति,भविष्यत्
शिशुः रोदनं करिष्यति,शिशुः,रोदनम्,करिष्यति,भविष्यत्
कुमारः धनुः आक्रक्ष्यति,कुमारः,धनुः,आक्रक्ष्यति,भविष्यत्
कुमारी वेणीं गुम्फिष्यति,कुमारी,वेणीम्,गुम्फिष्यति,भविष्यत्
तरुणः कन्यां द्रक्ष्यति,तरुणः,कन्याम्,द्रक्ष्यति,भविष्यत्
तरुणी सखीम् आह्वयिष्यति,तरुणी,सखीम्,आह्वयिष्यति,भविष्यत्
वृद्धः कासं करिष्यति,वृद्धः,कासम्,करिष्यति,भविष्यत्
वृद्धा दण्डं धारयिष्यति,वृद्धा,दण्डम्,धारयिष्यति,भविष्यत्
युवा उत्साहं दर्शयिष्यति,युवा,उत्साहम्,दर्शयिष्यति,भविष्यत्
देवः वरं ददाति,देवः,वरम्,ददाति,वर्तमान
असुरः विघ्नं करोति,असुरः,विघ्नम्,करोति,वर्तमान
मानवः सुखं वाञ्छति,मानवः,सुखम्,वाञ्छति,वर्तमान
गन्धर्वः गानं गायति,गन्धर्वः,गानम्,गायति,वर्तमान
किन्नरः वाद्यं वादयति,किन्नरः,वाद्यम्,वादयति,वर्तमान
विद्याधरः मन्त्रं जपति,विद्याधरः,मन्त्रम्,जपति,वर्तमान
यक्षः निधिं रक्षति,यक्षः,निधिम्,रक्षति,वर्तमान
राक्षसः मांसं खादति,राक्षसः,मांसम्,खादति,वर्तमान
पिशाचः रुधिरं पिबति,पिशाचः,रुधिरम्,पिबति,वर्तमान
भूतः भयं जनयति,भूतः,भयम्,जनयति,वर्तमान
देवः वरं दास्यति,देवः,वरम्,दास्यति,भविष्यत्
असुरः विघ्नं करिष्यति,असुरः,विघ्नम्,करिष्यति,भविष्यत्
मानवः सुखं वाञ्छिष्यति,मानवः,सुखम्,वाञ्छिष्यति,भविष्यत्
गन्धर्वः गानं गास्यति,गन्धर्वः,गानम्,गास्यति,भविष्यत्
किन्नरः वाद्यं वादयिष्यति,किन्नरः,वाद्यम्,वादयिष्यति,भविष्यत्
विद्याधरः मन्त्रं जपिष्यति,विद्याधरः,मन्त्रम्,जपिष्यति,भविष्यत्
यक्षः निधिं रक्षिष्यति,यक्षः,निधिम्,रक्षिष्यति,भविष्यत्
राक्षसः मांसं खादिष्यति,राक्षसः,मांसम्,खादिष्यति,भविष्यत्
पिशाचः रुधिरं पास्यति,पिशाचः,रुधिरम्,पास्यति,भविष्यत्
भूतः भयं जनयिष्यति,भूतः,भयम्,जनयिष्यति,भविष्यत्
देवः वरम् अददात्,देवः,वरम्,अददात्,भूत
असुरः विघ्नम् अकरोत्,असुरः,विघ्नम्,अकरोत्,भूत
मानवः सुखम् अवाञ्छत्,मानवः,सुखम्,अवाञ्छत्,भूत
गन्धर्वः गानम् अगायत्,गन्धर्वः,गानम्,अगायत्,भूत
किन्नरः वाद्यम् अवादयत्,किन्नरः,वाद्यम्,अवादयत्,भूत
विद्याधरः मन्त्रम् अजपत्,विद्याधरः,मन्त्रम्,अजपत्,भूत
यक्षः निधिम् अरक्षत्,यक्षः,निधिम्,अरक्षत्,भूत
राक्षसः मांसम् अखादत्,राक्षसः,मांसम्,अखादत्,भूत
पिशाचः रुधिरम् अपिबत्,पिशाचः,रुधिरम्,अपिबत्,भूत
भूतः भयम् अजनयत्,भूतः,भयम्,अजनयत्,भूत
नारदः कलहं करोति,नारदः,कलहम्,करोति,वर्तमान
वसिष्ठः कामधेनुं पालयति,वसिष्ठः,कामधेनुम्,पालयति,वर्तमान
विश्वामित्रः त्रिशङ्कुं पश्यति,विश्वामित्रः,त्रिशङ्कुम्,पश्यति,वर्तमान
अगस्त्यः समुद्रं पिबति,अगस्त्यः,समुद्रम्,पिबति,वर्तमान
भृगुः कोपं करोति,भृगुः,कोपम्,करोति,वर्तमान
अङ्गिराः यज्ञं करोति,अङ्गिराः,यज्ञम्,करोति,वर्तमान
पुलस्त्यः रावणं बोधयति,पुलस्त्यः,रावणम्,बोधयति,वर्तमान
क्रतुः सृष्टिं करोति,क्रतुः,सृष्टिम्,करोति,वर्तमान
मरीचिः तेजः ददाति,मरीचिः,तेजः,ददाति,वर्तमान
अत्रिः चन्द्रं सृजति,अत्रिः,चन्द्रम्,सृजति,वर्तमान
नारदः कलहं करिष्यति,नारदः,कलहम्,करिष्यति,भविष्यत्
वसिष्ठः कामधेनुं पालयिष्यति,वसिष्ठः,कामधेनुम्,पालयिष्यति,भविष्यत्
विश्वामित्रः त्रिशङ्कुं द्रक्ष्यति,विश्वामित्रः,त्रिशङ्कुम्,द्रक्ष्यति,भविष्यत्
अगस्त्यः समुद्रं पास्यति,अगस्त्यः,समुद्रम्,पास्यति,भविष्यत्
भृगुः कोपं करिष्यति,भृगुः,कोपम्,करिष्यति,भविष्यत्
अङ्गिराः यज्ञं करिष्यति,अङ्गिराः,यज्ञम्,करिष्यति,भविष्यत्
पुलस्त्यः रावणं बोधयिष्यति,पुलस्त्यः,रावणम्,बोधयिष्यति,भविष्यत्
क्रतुः सृष्टिं करिष्यति,क्रतुः,सृष्टिम्,करिष्यति,भविष्यत्
मरीचिः तेजः दास्यति,मरीचिः,तेजः,दास्यति,भविष्यत्
अत्रिः चन्द्रं स्रक्ष्यति,अत्रिः,चन्द्रम्,स्रक्ष्यति,भविष्यत्
नारदः कलहम् अकरोत्,नारदः,कलहम्,अकरोत्,भूत
वसिष्ठः कामधेनुम् अपालयत्,वसिष्ठः,कामधेनुम्,अपालयत्,भूत
विश्वामित्रः त्रिशङ्कुम् अपश्यत्,विश्वामित्रः,त्रिशङ्कुम्,अपश्यत्,भूत
अगस्त्यः समुद्रम् अपिबत्,अगस्त्यः,समुद्रम्,अपिबत्,भूत
भृगुः कोपम् अकरोत्,भृगुः,कोपम्,अकरोत्,भूत
अङ्गिराः यज्ञम् अकरोत्,अङ्गिराः,यज्ञम्,अकरोत्,भूत
पुलस्त्यः रावणम् अबोधयत्,पुलस्त्यः,रावणम्,अबोधयत्,भूत
क्रतुः सृष्टिम् अकरोत्,क्रतुः,सृष्टिम्,अकरोत्,भूत
मरीचिः तेजः अददात्,मरीचिः,तेजः,अददात्,भूत
अत्रिः चन्द्रम् असृजत्,अत्रिः,चन्द्रम्,असृजत्,भूत
सविता प्रकाशं करोति,सविता,प्रकाशम्,करोति,वर्तमान
अर्यमा धर्मं पालयति,अर्यमा,धर्मम्,पालयति,वर्तमान
भगः भाग्यं ददाति,भगः,भाग्यम्,ददाति,वर्तमान
पूषा मार्गं रक्षति,पूषा,मार्गम्,रक्षति,वर्तमान
मित्रावरुणौ वृष्टिं कुरुतः,मित्रावरुणौ,वृष्टिम्,कुरुतः,वर्तमान
अश्विनौ वैद्यं कुरुतः,अश्विनौ,वैद्यम्,कुरुतः,वर्तमान
रुद्रः रोगं नाशयति,रुद्रः,रोगम्,नाशयति,वर्तमान
मरुतः वायुं वहन्ति,मरुतः,वायुम्,वहन्ति,वर्तमान
पर्जन्यः मेघं वर्षति,पर्जन्यः,मेघम्,वर्षति,वर्तमान
सोमः ओषधीः पोषयति,सोमः,ओषधीः,पोषयति,वर्तमान
सविता प्रकाशं करिष्यति,सविता,प्रकाशम्,करिष्यति,भविष्यत्
अर्यमा धर्मं पालयिष्यति,अर्यमा,धर्मम्,पालयिष्यति,भविष्यत्
भगः भाग्यं दास्यति,भगः,भाग्यम्,दास्यति,भविष्यत्
पूषा मार्गं रक्षिष्यति,पूषा,मार्गम्,रक्षिष्यति,भविष्यत्
मित्रावरुणौ वृष्टिं करिष्यतः,मित्रावरुणौ,वृष्टिम्,करिष्यतः,भविष्यत्
अश्विनौ वैद्यं करिष्यतः,अश्विनौ,वैद्यम्,करिष्यतः,भविष्यत्
रुद्रः रोगं नाशयिष्यति,रुद्रः,रोगम्,नाशयिष्यति,भविष्यत्
मरुतः वायुं वक्ष्यन्ति,मरुतः,वायुम्,वक्ष्यन्ति,भविष्यत्
पर्जन्यः मेघं वर्षिष्यति,पर्जन्यः,मेघम्,वर्षिष्यति,भविष्यत्
सोमः ओषधीः पोषयिष्यति,सोमः,ओषधीः,पोषयिष्यति,भविष्यत्
सविता प्रकाशम् अकरोत्,सविता,प्रकाशम्,अकरोत्,भूत
अर्यमा धर्मम् अपालयत्,अर्यमा,धर्मम्,अपालयत्,भूत
भगः भाग्यम् अददात्,भगः,भाग्यम्,अददात्,भूत
पूषा मार्गम् अरक्षत्,पूषा,मार्गम्,अरक्षत्,भूत
मित्रावरुणौ वृष्टिम् अकुरुताम्,मित्रावरुणौ,वृष्टिम्,अकुरुताम्,भूत
अश्विनौ वैद्यम् अकुरुताम्,अश्विनौ,वैद्यम्,अकुरुताम्,भूत
रुद्रः रोगम् अनाशयत्,रुद्रः,रोगम्,अनाशयत्,भूत
मरुतः वायुम् अवहन्,मरुतः,वायुम्,अवहन्,भूत
पर्जन्यः मेघम् अवर्षत्,पर्जन्यः,मेघम्,अवर्षत्,भूत
सोमः ओषधीः अपोषयत्,सोमः,ओषधीः,अपोषयत्,भूत
गङ्गा पापं हरति,गङ्गा,पापम्,हरति,वर्तमान
यमुना श्यामवर्णं धारयति,यमुना,श्यामवर्णम्,धारयति,वर्तमान
सरस्वती ज्ञानं ददाति,सरस्वती,ज्ञानम्,ददाति,वर्तमान
गोदावरी जलं वहति,गोदावरी,जलम्,वहति,वर्तमान
नर्मदा पाषाणं क्षालयति,नर्मदा,पाषाणम्,क्षालयति,वर्तमान
सिन्धुः सागरं प्राप्नोति,सिन्धुः,सागरम्,प्राप्नोति,वर्तमान
कावेरी क्षेत्रं सिञ्चति,कावेरी,क्षेत्रम्,सिञ्चति,वर्तमान
ब्रह्मपुत्रः नदं वहति,ब्रह्मपुत्रः,नदम्,वहति,वर्तमान
शरयू रामं स्मरति,शरयू,रामम्,स्मरति,वर्तमान
मन्दाकिनी कुसुमानि वहति,मन्दाकिनी,कुसुमानि,वहति,वर्तमान
गङ्गा पापं हरिष्यति,गङ्गा,पापम्,हरिष्यति,भविष्यत्
यमुना श्यामवर्णं धारयिष्यति,यमुना,श्यामवर्णम्,धारयिष्यति,भविष्यत्
सरस्वती ज्ञानं दास्यति,सरस्वती,ज्ञानम्,दास्यति,भविष्यत्
गोदावरी जलं वक्ष्यति,गोदावरी,जलम्,वक्ष्यति,भविष्यत्
नर्मदा पाषाणं क्षालयिष्यति,नर्मदा,पाषाणम्,क्षालयिष्यति,भविष्यत्
सिन्धुः सागरं प्राप्स्यति,सिन्धुः,सागरम्,प्राप्स्यति,भविष्यत्
कावेरी क्षेत्रं सेक्ष्यति,कावेरी,क्षेत्रम्,सेक्ष्यति,भविष्यत्
ब्रह्मपुत्रः नदं वक्ष्यति,ब्रह्मपुत्रः,नदम्,वक्ष्यति,भविष्यत्
शरयू रामं स्मरिष्यति,शरयू,रामम्,स्मरिष्यति,भविष्यत्
मन्दाकिनी कुसुमानि वक्ष्यति,मन्दाकिनी,कुसुमानि,वक्ष्यति,भविष्यत्
गङ्गा पापम् अहरत्,गङ्गा,पापम्,अहरत्,भूत
यमुना श्यामवर्णम् अधारयत्,यमुना,श्यामवर्णम्,अधारयत्,भूत
सरस्वती ज्ञानम् अददात्,सरस्वती,ज्ञानम्,अददात्,भूत
गोदावरी जलम् अवहत्,गोदावरी,जलम्,अवहत्,भूत
नर्मदा पाषाणम् अक्षालयत्,नर्मदा,पाषाणम्,अक्षालयत्,भूत
सिन्धुः सागरम् अप्राप्नोत्,सिन्धुः,सागरम्,अप्राप्नोत्,भूत
कावेरी क्षेत्रम् असिञ्चत्,कावेरी,क्षेत्रम्,असिञ्चत्,भूत
ब्रह्मपुत्रः नदम् अवहत्,ब्रह्मपुत्रः,नदम्,अवहत्,भूत
शरयू रामम् अस्मरत्,शरयू,रामम्,अस्मरत्,भूत
मन्दाकिनी कुसुमानि अवहत्,मन्दाकिनी,कुसुमानि,अवहत्,भूत
हिमालयः शीतं ददाति,हिमालयः,शीतम्,ददाति,वर्तमान
विन्ध्यः मार्गं रुणद्धि,विन्ध्यः,मार्गम्,रुणद्धि,वर्तमान
मलयः चन्दनं जनयति,मलयः,चन्दनम्,जनयति,वर्तमान
महेन्द्रः पर्जन्यं जनयति,महेन्द्रः,पर्जन्यम्,जनयति,वर्तमान
ऋक्षः भल्लूकं पालयति,ऋक्षः,भल्लूकम्,पालयति,वर्तमान
पारियात्रः नदीः जनयति,पारियात्रः,नदीः,जनयति,वर्तमान
सह्यः वनं रक्षति,सह्यः,वनम्,रक्षति,वर्तमान
कैलासः शिवं धारयति,कैलासः,शिवम्,धारयति,वर्तमान
गन्धमादनः वानरान् पोषयति,गन्धमादनः,वानरान्,पोषयति,वर्तमान
सुमेरुः स्वर्णं ददाति,सुमेरुः,स्वर्णम्,ददाति,वर्तमान
हिमालयः शीतं दास्यति,हिमालयः,शीतम्,दास्यति,भविष्यत्
विन्ध्यः मार्गं रोत्स्यति,विन्ध्यः,मार्गम्,रोत्स्यति,भविष्यत्
मलयः चन्दनं जनयिष्यति,मलयः,चन्दनम्,जनयिष्यति,भविष्यत्
महेन्द्रः पर्जन्यं जनयिष्यति,महेन्द्रः,पर्जन्यम्,जनयिष्यति,भविष्यत्
ऋक्षः भल्लूकं पालयिष्यति,ऋक्षः,भल्लूकम्,पालयिष्यति,भविष्यत्
पारियात्रः नदीः जनयिष्यति,पारियात्रः,नदीः,जनयिष्यति,भविष्यत्
सह्यः वनं रक्षिष्यति,सह्यः,वनम्,रक्षिष्यति,भविष्यत्
कैलासः शिवं धारयिष्यति,कैलासः,शिवम्,धारयिष्यति,भविष्यत्
गन्धमादनः वानरान् पोषयिष्यति,गन्धमादनः,वानरान्,पोषयिष्यति,भविष्यत्
सुमेरुः स्वर्णं दास्यति,सुमेरुः,स्वर्णम्,दास्यति,भविष्यत्
हिमालयः शीतम् अददात्,हिमालयः,शीतम्,अददात्,भूत
विन्ध्यः मार्गम् अरुणत्,विन्ध्यः,मार्गम्,अरुणत्,भूत
मलयः चन्दनम् अजनयत्,मलयः,चन्दनम्,अजनयत्,भूत
महेन्द्रः पर्जन्यम् अजनयत्,महेन्द्रः,पर्जन्यम्,अजनयत्,भूत
ऋक्षः भल्लूकम् अपालयत्,ऋक्षः,भल्लूकम्,अपालयत्,भूत
पारियात्रः नदीः अजनयत्,पारियात्रः,नदीः,अजनयत्,भूत
सह्यः वनम् अरक्षत्,सह्यः,वनम्,अरक्षत्,भूत
कैलासः शिवम् अधारयत्,कैलासः,शिवम्,अधारयत्,भूत
गन्धमादनः वानरान् अपोषयत्,गन्धमादनः,वानरान्,अपोषयत्,भूत
सुमेरुः स्वर्णम् अददात्,सुमेरुः,स्वर्णम्,अददात्,भूत
अयोध्या इक्ष्वाकुं पालयति,अयोध्या,इक्ष्वाकुम्,पालयति,वर्तमान
मथुरा कृष्णं जनयति,मथुरा,कृष्णम्,जनयति,वर्तमान
माया मोक्षं ददाति,माया,मोक्षम्,ददाति,वर्तमान
काशी विश्वनाथं धारयति,काशी,विश्वनाथम्,धारयति,वर्तमान
काञ्ची कामकोटीं रक्षति,काञ्ची,कामकोटीम्,रक्षति,वर्तमान
अवन्तिका महाकालं पश्यति,अवन्तिका,महाकालम्,पश्यति,वर्तमान
द्वारका वासुदेवं पालयति,द्वारका,वासुदेवम्,पालयति,वर्तमान
प्रयागः सङ्गमं रचयति,प्रयागः,सङ्गमम्,रचयति,वर्तमान
गया पितॄन् तर्पयति,गया,पितॄन्,तर्पयति,वर्तमान
पुष्करः ब्रह्माणं पश्यति,पुष्करः,ब्रह्माणम्,पश्यति,वर्तमान
अयोध्या इक्ष्वाकुं पालयिष्यति,अयोध्या,इक्ष्वाकुम्,पालयिष्यति,भविष्यत्
मथुरा कृष्णं जनयिष्यति,मथुरा,कृष्णम्,जनयिष्यति,भविष्यत्
माया मोक्षं दास्यति,माया,मोक्षम्,दास्यति,भविष्यत्
काशी विश्वनाथं धारयिष्यति,काशी,विश्वनाथम्,धारयिष्यति,भविष्यत्
काञ्ची कामकोटीं रक्षिष्यति,काञ्ची,कामकोटीम्,रक्षिष्यति,भविष्यत्
अवन्तिका महाकालं द्रक्ष्यति,अवन्तिका,महाकालम्,द्रक्ष्यति,भविष्यत्
द्वारका वासुदेवं पालयिष्यति,द्वारका,वासुदेवम्,पालयिष्यति,भविष्यत्
प्रयागः सङ्गमं रचयिष्यति,प्रयागः,सङ्गमम्,रचयिष्यति,भविष्यत्
गया पितॄन् तर्पयिष्यति,गया,पितॄन्,तर्पयिष्यति,भविष्यत्
पुष्करः ब्रह्माणं द्रक्ष्यति,पुष्करः,ब्रह्माणम्,द्रक्ष्यति,भविष्यत्
अयोध्या इक्ष्वाकुम् अपालयत्,अयोध्या,इक्ष्वाकुम्,अपालयत्,भूत
मथुरा कृष्णम् अजनयत्,मथुरा,कृष्णम्,अजनयत्,भूत
माया मोक्षम् अददात्,माया,मोक्षम्,अददात्,भूत
काशी विश्वनाथम् अधारयत्,काशी,विश्वनाथम्,अधारयत्,भूत
काञ्ची कामकोटीम् अरक्षत्,काञ्ची,कामकोटीम्,अरक्षत्,भूत
अवन्तिका महाकालम् अपश्यत्,अवन्तिका,महाकालम्,अपश्यत्,भूत
द्वारका वासुदेवम् अपालयत्,द्वारका,वासुदेवम्,अपालयत्,भूत
प्रयागः सङ्गमम् अरचयत्,प्रयागः,सङ्गमम्,अरचयत्,भूत
गया पितॄन् अतर्पयत्,गया,पितॄन्,अतर्पयत्,भूत
पुष्करः ब्रह्माणम् अपश्यत्,पुष्करः,ब्रह्माणम्,अपश्यत्,भूत
कुम्भकारः चक्रं भ्रामयति,कुम्भकारः,चक्रम्,भ्रामयति,वर्तमान
स्वर्णकारः सुवर्णं तापयति,स्वर्णकारः,सुवर्णम्,तापयति,वर्तमान
लोहकारः अयोगुडं ताडयति,लोहकारः,अयोगुडम्,ताडयति,वर्तमान
तक्षकः काष्ठं छिनत्ति,तक्षकः,काष्ठम्,छिनत्ति,वर्तमान
शिल्पी पाषाणं तक्षति,शिल्पी,पाषाणम्,तक्षति,वर्तमान
नापितः क्षुरं चालयति,नापितः,क्षुरम्,चालयति,वर्तमान
रजकः वस्त्रं क्षालयति,रजकः,वस्त्रम्,क्षालयति,वर्तमान
सौचिकः सूचीं प्रवेशयति,सौचिकः,सूचीम्,प्रवेशयति,वर्तमान
तन्तुवायः तन्तुं तनोति,तन्तुवायः,तन्तुम्,तनोति,वर्तमान
चित्रकारः वर्णं लेपयति,चित्रकारः,वर्णम्,लेपयति,वर्तमान
कुम्भकारः चक्रं भ्रामयिष्यति,कुम्भकारः,चक्रम्,भ्रामयिष्यति,भविष्यत्
स्वर्णकारः सुवर्णं तापयिष्यति,स्वर्णकारः,सुवर्णम्,तापयिष्यति,भविष्यत्
लोहकारः अयोगुडं ताडयिष्यति,लोहकारः,अयोगुडम्,ताडयिष्यति,भविष्यत्
तक्षकः काष्ठं छेत्स्यति,तक्षकः,काष्ठम्,छेत्स्यति,भविष्यत्
शिल्पी पाषाणं तक्षिष्यति,शिल्पी,पाषाणम्,तक्षिष्यति,भविष्यत्
नापितः क्षुरं चालयिष्यति,नापितः,क्षुरम्,चालयिष्यति,भविष्यत्
रजकः वस्त्रं क्षालयिष्यति,रजकः,वस्त्रम्,क्षालयिष्यति,भविष्यत्
सौचिकः सूचीं प्रवेशयिष्यति,सौचिकः,सूचीम्,प्रवेशयिष्यति,भविष्यत्
तन्तुवायः तन्तुं तनिष्यति,तन्तुवायः,तन्तुम्,तनिष्यति,भविष्यत्
चित्रकारः वर्णं लेपयिष्यति,चित्रकारः,वर्णम्,लेपयिष्यति,भविष्यत्
कुम्भकारः चक्रम् अभ्रामयत्,कुम्भकारः,चक्रम्,अभ्रामयत्,भूत
स्वर्णकारः सुवर्णम् अतापयत्,स्वर्णकारः,सुवर्णम्,अतापयत्,भूत
लोहकारः अयोगुडम् अताडयत्,लोहकारः,अयोगुडम्,अताडयत्,भूत
तक्षकः काष्ठम् अच्छिनत्,तक्षकः,काष्ठम्,अच्छिनत्,भूत
शिल्पी पाषाणम् अतक्षत्,शिल्पी,पाषाणम्,अतक्षत्,भूत
नापितः क्षुरम् अचालयत्,नापितः,क्षुरम्,अचालयत्,भूत
रजकः वस्त्रम् अक्षालयत्,रजकः,वस्त्रम्,अक्षालयत्,भूत
सौचिकः सूचीम् अप्रवेशयत्,सौचिकः,सूचीम्,अप्रवेशयत्,भूत
तन्तुवायः तन्तुम् अतनोत्,तन्तुवायः,तन्तुम्,अतनोत्,भूत
चित्रकारः वर्णम् अलेपयत्,चित्रकारः,वर्णम्,अलेपयत्,भूत
धार्मिकः दानं ददाति,धार्मिकः,दानम्,ददाति,वर्तमान
योगी ध्यानं करोति,योगी,ध्यानम्,करोति,वर्तमान
तपस्वी तपः तपति,तपस्वी,तपः,तपति,वर्तमान
ज्ञानी तत्त्वं पश्यति,ज्ञानी,तत्त्वम्,पश्यति,वर्तमान
भक्तः ईश्वरं भजति,भक्तः,ईश्वरम्,भजति,वर्तमान
संन्यासी मोहं त्यजति,संन्यासी,मोहम्,त्यजति,वर्तमान
ब्रह्मचारी वेदं पठति,ब्रह्मचारी,वेदम्,पठति,वर्तमान
गृहस्थः अतिथिं सत्कारोति,गृहस्थः,अतिथिम्,सत्कारोति,वर्तमान
वानप्रस्थः वनं गच्छति,वानप्रस्थः,वनम्,गच्छति,वर्तमान
मुमुक्षुः मोक्षं वाञ्छति,मुमुक्षुः,मोक्षम्,वाञ्छति,वर्तमान
धार्मिकः दानं दास्यति,धार्मिकः,दानम्,दास्यति,भविष्यत्
योगी ध्यानं करिष्यति,योगी,ध्यानम्,करिष्यति,भविष्यत्
तपस्वी तपः तप्स्यति,तपस्वी,तपः,तप्स्यति,भविष्यत्
ज्ञानी तत्त्वं द्रक्ष्यति,ज्ञानी,तत्त्वम्,द्रक्ष्यति,भविष्यत्
भक्तः ईश्वरं भजिष्यति,भक्तः,ईश्वरम्,भजिष्यति,भविष्यत्
संन्यासी मोहं त्यक्ष्यति,संन्यासी,मोहम्,त्यक्ष्यति,भविष्यत्
ब्रह्मचारी वेदं पठिष्यति,ब्रह्मचारी,वेदम्,पठिष्यति,भविष्यत्
गृहस्थः अतिथिं सत्कारिष्यति,गृहस्थः,अतिथिम्,सत्कारिष्यति,भविष्यत्
वानप्रस्थः वनं गमिष्यति,वानप्रस्थः,वनम्,गमिष्यति,भविष्यत्
मुमुक्षुः मोक्षं वाञ्छिष्यति,मुमुक्षुः,मोक्षम्,वाञ्छिष्यति,भविष्यत्
धार्मिकः दानम् अददात्,धार्मिकः,दानम्,अददात्,भूत
योगी ध्यानम् अकरोत्,योगी,ध्यानम्,अकरोत्,भूत
तपस्वी तपः अतपत्,तपस्वी,तपः,अतपत्,भूत
ज्ञानी तत्त्वम् अपश्यत्,ज्ञानी,तत्त्वम्,अपश्यत्,भूत
भक्तः ईश्वरम् अभजत्,भक्तः,ईश्वरम्,अभजत्,भूत
संन्यासी मोहम् अत्यजत्,संन्यासी,मोहम्,अत्यजत्,भूत
ब्रह्मचारी वेदम् अपठत्,ब्रह्मचारी,वेदम्,अपठत्,भूत
गृहस्थः अतिथिम् असत्कारोत्,गृहस्थः,अतिथिम्,असत्कारोत्,भूत
वानप्रस्थः वनम् अगच्छत्,वानप्रस्थः,वनम्,अगच्छत्,भूत
मुमुक्षुः मोक्षम् अवाञ्छत्,मुमुक्षुः,मोक्षम्,अवाञ्छत्,भूत
मेघः जलं वर्षति,मेघः,जलम्,वर्षति,वर्तमान
पवनः धूलिं उडयति,पवनः,धूलिम्,उडयति,वर्तमान
अग्निः वनं दहति,अग्निः,वनम्,दहति,वर्तमान
भूकम्पः गृहं कम्पयति,भूकम्पः,गृहम्,कम्पयति,वर्तमान
जलप्लावनं ग्रामं प्लावयति,जलप्लावनम्,ग्रामम्,प्लावयति,वर्तमान
अनावृष्टिः सस्यं शोषयति,अनावृष्टिः,सस्यम्,शोषयति,वर्तमान
अतिवृष्टिः नदीं वर्धयति,अतिवृष्टिः,नदीम्,वर्धयति,वर्तमान
हिमपातः मार्गं रुणद्धि,हिमपातः,मार्गम्,रुणद्धि,वर्तमान
धूमकेतुः भयं जनयति,धूमकेतुः,भयम्,जनयति,वर्तमान
ग्रहणं सूर्यम् आच्छादयति,ग्रहणम्,सूर्यम्,आच्छादयति,वर्तमान
मेघः जलं वर्षिष्यति,मेघः,जलम्,वर्षिष्यति,भविष्यत्
पवनः धूलिं उडयिष्यति,पवनः,धूलिम्,उडयिष्यति,भविष्यत्
अग्निः वनं धक्ष्यति,अग्निः,वनम्,धक्ष्यति,भविष्यत्
भूकम्पः गृहं कम्पयिष्यति,भूकम्पः,गृहम्,कम्पयिष्यति,भविष्यत्
जलप्लावनं ग्रामं प्लावयिष्यति,जलप्लावनम्,ग्रामम्,प्लावयिष्यति,भविष्यत्
अनावृष्टिः सस्यं शोषयिष्यति,अनावृष्टिः,सस्यम्,शोषयिष्यति,भविष्यत्
अतिवृष्टिः नदीं वर्धयिष्यति,अतिवृष्टिः,नदीम्,वर्धयिष्यति,भविष्यत्
हिमपातः मार्गं रोत्स्यति,हिमपातः,मार्गम्,रोत्स्यति,भविष्यत्
धूमकेतुः भयं जनयिष्यति,धूमकेतुः,भयम्,जनयिष्यति,भविष्यत्
ग्रहणं सूर्यम् आच्छादयिष्यति,ग्रहणम्,सूर्यम्,आच्छादयिष्यति,भविष्यत्
मेघः जलम् अवर्षत्,मेघः,जलम्,अवर्षत्,भूत
पवनः धूलिम् औडयत्,पवनः,धूलिम्,औडयत्,भूत
अग्निः वनम् अदहत्,अग्निः,वनम्,अदहत्,भूत
भूकम्पः गृहम् अकम्पयत्,भूकम्पः,गृहम्,अकम्पयत्,भूत
जलप्लावनं ग्रामम् अप्लावयत्,जलप्लावनम्,ग्रामम्,अप्लावयत्,भूत
अनावृष्टिः सस्यम् अशोषयत्,अनावृष्टिः,सस्यम्,अशोषयत्,भूत
अतिवृष्टिः नदीम् अवर्धयत्,अतिवृष्टिः,नदीम्,अवर्धयत्,भूत
हिमपातः मार्गम् अरुणत्,हिमपातः,मार्गम्,अरुणत्,भूत
धूमकेतुः भयम् अजनयत्,धूमकेतुः,भयम्,अजनयत्,भूत
ग्रहणं सूर्यम् आच्छादयत्,ग्रहणम्,सूर्यम्,आच्छादयत्,भूत
चन्द्रः ज्योत्स्नां किरति,चन्द्रः,ज्योत्स्नाम्,किरति,वर्तमान
सूर्यः प्रभां प्रसारयति,सूर्यः,प्रभाम्,प्रसारयति,वर्तमान
तारा प्रकाशं ददाति,तारा,प्रकाशम्,ददाति,वर्तमान
नक्षत्रं मार्गं दर्शयति,नक्षत्रम्,मार्गम्,दर्शयति,वर्तमान
आकाशः अवकाशं यच्छति,आकाशः,अवकाशम्,यच्छति,वर्तमान
दिक् अवकाशं कल्पयति,दिक्,अवकाशम्,कल्पयति,वर्तमान
कालः आयुः हरति,कालः,आयुः,हरति,वर्तमान
वसन्तौ पुष्पं विकासयति,वसन्तौ,पुष्पम्,विकासयति,वर्तमान
ग्रीष्मः जलं शोषयति,ग्रीष्मः,जलम्,शोषयति,वर्तमान
वर्षा पङ्कं करोति,वर्षा,पङ्कम्,करोति,वर्तमान
शरद् चन्द्रं निर्मलीकरोति,शरद्,चन्द्रम्,निर्मलीकरोति,वर्तमान
हेमन्तः शीतं वर्धयति,हेमन्तः,शीतम्,वर्धयति,वर्तमान
शिशिरः पत्रं पातयति,शिशिरः,पत्रम्,पातयति,वर्तमान
चन्द्रः ज्योत्स्नां प्रकिरिष्यति,चन्द्रः,ज्योत्स्नाम्,प्रकिरिष्यति,भविष्यत्
सूर्यः प्रभां प्रसारयिष्यति,सूर्यः,प्रभाम्,प्रसारयिष्यति,भविष्यत्
तारा प्रकाशं दास्यति,तारा,प्रकाशम्,दास्यति,भविष्यत्
नक्षत्रं मार्गं दर्शयिष्यति,नक्षत्रम्,मार्गम्,दर्शयिष्यति,भविष्यत्
आकाशः अवकाशं यम्स्यति,आकाशः,अवकाशम्,यम्स्यति,भविष्यत्
दिक् अवकाशं कल्पयिष्यति,दिक्,अवकाशम्,कल्पयिष्यति,भविष्यत्
कालः आयुः हरिष्यति,कालः,आयुः,हरिष्यति,भविष्यत्
वसन्तौ पुष्पं विकासयिष्यति,वसन्तौ,पुष्पम्,विकासयिष्यति,भविष्यत्
ग्रीष्मः जलं शोषयिष्यति,ग्रीष्मः,जलम्,शोषयिष्यति,भविष्यत्
वर्षा पङ्कं करिष्यति,वर्षा,पङ्कम्,करिष्यति,भविष्यत्
शरद् चन्द्रं निर्मलीकरिष्यति,शरद्,चन्द्रम्,निर्मलीकरिष्यति,भविष्यत्
हेमन्तः शीतं वर्धयिष्यति,हेमन्तः,शीतम्,वर्धयिष्यति,भविष्यत्
शिशिरः पत्रं पातयिष्यति,शिशिरः,पत्रम्,पातयिष्यति,भविष्यत्
चन्द्रः ज्योत्स्नाम् अकिरत्,चन्द्रः,ज्योत्स्नाम्,अकिरत्,भूत
सूर्यः प्रभाम् अप्रसारयत्,सूर्यः,प्रभाम्,अप्रसारयत्,भूत
तारा प्रकाशम् अददात्,तारा,प्रकाशम्,अददात्,भूत
नक्षत्रं मार्गम् अदर्शयत्,नक्षत्रम्,मार्गम्,अदर्शयत्,भूत
आकाशः अवकाशम् अयच्छत्,आकाशः,अवकाशम्,अयच्छत्,भूत
दिक् अवकाशम् अकल्पयत्,दिक्,अवकाशम्,अकल्पयत्,भूत
कालः आयुः अहरत्,कालः,आयुः,अहरत्,भूत
वसन्तौ पुष्पम् अविकासयत्,वसन्तौ,पुष्पम्,अविकासयत्,भूत
ग्रीष्मः जलम् अशोषयत्,ग्रीष्मः,जलम्,अशोषयत्,भूत
वर्षा पङ्कम् अकरोत्,वर्षा,पङ्कम्,अकरोत्,भूत
शरद् चन्द्रम् अनिर्मलीकरोत्,शरद्,चन्द्रम्,अनिर्मलीकरोत्,भूत
हेमन्तः शीतम् अवर्धयत्,हेमन्तः,शीतम्,अवर्धयत्,भूत
शिशिरः पत्रम् अपातयत्,शिशिरः,पत्रम्,अपातयत्,भूत
पितामहः कथां कथयति,पितामहः,कथाम्,कथयति,वर्तमान
पितामही बालं लालयति,पितामही,बालम्,लालयति,वर्तमान
मातामहः क्रीडनकं ददाति,मातामहः,क्रीडनकम्,ददाति,वर्तमान
मातामही मोदकं यच्छति,मातामही,मोदकम्,यच्छति,वर्तमान
पितृव्यः कार्यं सूचयति,पितृव्यः,कार्यम्,सूचयति,वर्तमान
मातुलः वस्त्रं क्रीणाति,मातुलः,वस्त्रम्,क्रीणाति,वर्तमान
पितृष्वसा अलङ्कारं ददाति,पितृष्वसा,अलङ्कारम्,ददाति,वर्तमान
मातृष्वसा फलं यच्छति,मातृष्वसा,फलम्,यच्छति,वर्तमान
भ्रातुष्पुत्रः नमस्कारं करोति,भ्रातुष्पुत्रः,नमस्कारम्,करोति,वर्तमान
भागिनेयः पादौ स्पृशति,भागिनेयः,पादौ,स्पृशति,वर्तमान
पितामहः कथां कथयिष्यति,पितामहः,कथाम्,कथयिष्यति,भविष्यत्
पितामही बालं लालयिष्यति,पितामही,बालम्,लालयिष्यति,भविष्यत्
मातामहः क्रीडनकं दास्यति,मातामहः,क्रीडनकम्,दास्यति,भविष्यत्
मातामही मोदकं यम्स्यति,मातामही,मोदकम्,यम्स्यति,भविष्यत्
पितृव्यः कार्यं सूचयिष्यति,पितृव्यः,कार्यम्,सूचयिष्यति,भविष्यत्
मातुलः वस्त्रं क्रेष्यति,मातुलः,वस्त्रम्,क्रेष्यति,भविष्यत्
पितृष्वसा अलङ्कारं दास्यति,पितृष्वसा,अलङ्कारम्,दास्यति,भविष्यत्
मातृष्वसा फलं यम्स्यति,मातृष्वसा,फलम्,यम्स्यति,भविष्यत्
भ्रातुष्पुत्रः नमस्कारं करिष्यति,भ्रातुष्पुत्रः,नमस्कारम्,करिष्यति,भविष्यत्
भागिनेयः पादौ स्प्रक्ष्यति,भागिनेयः,पादौ,स्प्रक्ष्यति,भविष्यत्
पितामहः कथाम् अकथयत्,पितामहः,कथाम्,अकथयत्,भूत
पितामही बालम् अलालयत्,पितामही,बालम्,अलालयत्,भूत
मातामहः क्रीडनकम् अददात्,मातामहः,क्रीडनकम्,अददात्,भूत
मातामही मोदकम् अयच्छत्,मातामही,मोदकम्,अयच्छत्,भूत
पितृव्यः कार्यम् असूचयत्,पितृव्यः,कार्यम्,असूचयत्,भूत
मातुलः वस्त्रम् अक्रीणात्,मातुलः,वस्त्रम्,अक्रीणात्,भूत
पितृष्वसा अलङ्कारम् अददात्,पितृष्वसा,अलङ्कारम्,अददात्,भूत
मातृष्वसा फलम् अयच्छत्,मातृष्वसा,फलम्,अयच्छत्,भूत
भ्रातुष्पुत्रः नमस्कारम् अकरोत्,भ्रातुष्पुत्रः,नमस्कारम्,अकरोत्,भूत
भागिनेयः पादौ अस्पृशत्,भागिनेयः,पादौ,अस्पृशत्,भूत
शुकः रामनाम रटति,शुकः,रामनाम,रटति,वर्तमान
काकः मांसं लुण्ठति,काकः,मांसम्,लुण्ठति,वर्तमान
हंसः मानसं गच्छति,हंसः,मानसम्,गच्छति,वर्तमान
बकः मत्स्यं ध्यायति,बकः,मत्स्यम्,ध्यायति,वर्तमान
मयूरः मेघं पश्यति,मयूरः,मेघम्,पश्यति,वर्तमान
कोकिलः आम्रं चुम्बति,कोकिलः,आम्रम्,चुम्बति,वर्तमान
चातकः जलं याचते,चातकः,जलम्,याचते,वर्तमान
चकोरः चन्द्रिकां पिबति,चकोरः,चन्द्रिकाम्,पिबति,वर्तमान
कपोतः धान्यं सङ्गृह्णाति,कपोतः,धान्यम्,सङ्गृह्णाति,वर्तमान
गृध्रः शवं पश्यति,गृध्रः,शवम्,पश्यति,वर्तमान
शुकः रामनाम रटिष्यति,शुकः,रामनाम,रटिष्यति,भविष्यत्
काकः मांसं लुण्ठिष्यति,काकः,मांसम्,लुण्ठिष्यति,भविष्यत्
हंसः मानसं गमिष्यति,हंसः,मानसम्,गमिष्यति,भविष्यत्
बकः मत्स्यं ध्यास्यति,बकः,मत्स्यम्,ध्यास्यति,भविष्यत्
मयूरः मेघं द्रक्ष्यति,मयूरः,मेघम्,द्रक्ष्यति,भविष्यत्
कोकिलः आम्रं चुम्बिष्यति,कोकिलः,आम्रम्,चुम्बिष्यति,भविष्यत्
चातकः जलं याचिष्यते,चातकः,जलम्,याचिष्यते,भविष्यत्
चकोरः चन्द्रिकां पास्यति,चकोरः,चन्द्रिकाम्,पास्यति,भविष्यत्
कपोतः धान्यं सङ्ग्रहीष्यति,कपोतः,धान्यम्,सङ्ग्रहीष्यति,भविष्यत्
गृध्रः शवं द्रक्ष्यति,गृध्रः,शवम्,द्रक्ष्यति,भविष्यत्
शुकः रामनाम अरटत्,शुकः,रामनाम,अरटत्,भूत
काकः मांसम् अलुण्ठत्,काकः,मांसम्,अलुण्ठत्,भूत
हंसः मानसम् अगच्छत्,हंसः,मानसम्,अगच्छत्,भूत
बकः मत्स्यम् अध्यायत्,बकः,मत्स्यम्,अध्यायत्,भूत
मयूरः मेघम् अपश्यत्,मयूरः,मेघम्,अपश्यत्,भूत
कोकिलः आम्रम् अचुम्बत्,कोकिलः,आम्रम्,अचुम्बत्,भूत
चातकः जलम् अयाचत,चातकः,जलम्,अयाचत,भूत
चकोरः चन्द्रिकाम् अपिबत्,चकोरः,चन्द्रिकाम्,अपिबत्,भूत
कपोतः धान्यम् असङ्गृह्णात्,कपोतः,धान्यम्,असङ्गृह्णात्,भूत
गृध्रः शवम् अपश्यत्,गृध्रः,शवम्,अपश्यत्,भूत
व्याघ्रः हरिणं हन्ति,व्याघ्रः,हरिणम्,हन्ति,वर्तमान
सिंहः गजं विदारयति,सिंहः,गजम्,विदारयति,वर्तमान
गजः शाखां भिनत्ति,गजः,शाखाम्,भिनत्ति,वर्तमान
वृषभः शकटं वहति,वृषभः,शकटम्,वहति,वर्तमान
गौः दुग्धं यच्छति,गौः,दुग्धम्,यच्छति,वर्तमान
अश्वः मार्गं धावति,अश्वः,मार्गम्,धावति,वर्तमान
गर्दभः भारं नयति,गर्दभः,भारम्,नयति,वर्तमान
उष्ट्रः मरुभूमिं तरति,उष्ट्रः,मरुभूमिम्,तरति,वर्तमान
श्वानः गृहं रक्षति,श्वानः,गृहम्,रक्षति,वर्तमान
बिडालः मूषकं गृह्णाति,बिडालः,मूषकम्,गृह्णाति,वर्तमान
व्याघ्रः हरिणं हनिष्यति,व्याघ्रः,हरिणम्,हनिष्यति,भविष्यत्
सिंहः गजं विदारयिष्यति,सिंहः,गजम्,विदारयिष्यति,भविष्यत्
गजः शाखां भेत्स्यति,गजः,शाखाम्,भेत्स्यति,भविष्यत्
वृषभः शकटं वक्ष्यति,वृषभः,शकटम्,वक्ष्यति,भविष्यत्
गौः दुग्धं यम्स्यति,गौः,दुग्धम्,यम्स्यति,भविष्यत्
अश्वः मार्गं धाविष्यति,अश्वः,मार्गम्,धाविष्यति,भविष्यत्
गर्दभः भारं नेष्यति,गर्दभः,भारम्,नेष्यति,भविष्यत्
उष्ट्रः मरुभूमिं तरिष्यति,उष्ट्रः,मरुभूमिम्,तरिष्यति,भविष्यत्
श्वानः गृहं रक्षिष्यति,श्वानः,गृहम्,रक्षिष्यति,भविष्यत्
बिडालः मूषकं ग्रहीष्यति,बिडालः,मूषकम्,ग्रहीष्यति,भविष्यत्
व्याघ्रः हरिणम् अहन्,व्याघ्रः,हरिणम्,अहन्,भूत
सिंहः गजम् अविदारयत्,सिंहः,गजम्,अविदारयत्,भूत
गजः शाखाम् अभिनत्,गजः,शाखाम्,अभिनत्,भूत
वृषभः शकटम् अवहत्,वृषभः,शकटम्,अवहत्,भूत
गौः दुग्धम् अयच्छत्,गौः,दुग्धम्,अयच्छत्,भूत
अश्वः मार्गम् अधावत्,अश्वः,मार्गम्,अधावत्,भूत
गर्दभः भारम् अनयत्,गर्दभः,भारम्,अनयत्,भूत
उष्ट्रः मरुभूमिम् अतरत्,उष्ट्रः,मरुभूमिम्,अतरत्,भूत
श्वानः गृहम् अरक्षत्,श्वानः,गृहम्,अरक्षत्,भूत
बिडालः मूषकम् अगृह्णात्,बिडालः,मूषकम्,अगृह्णात्,भूत
मृगः शष्पं चरति,मृगः,शष्पम्,चरति,वर्तमान
शशकः कुञ्जं प्रविशति,शशकः,कुञ्जम्,प्रविशति,वर्तमान
शृगालः मांसं चोरयति,शृगालः,मांसम्,चोरयति,वर्तमान
वृकः उरणं खादति,वृकः,उरणम्,खादति,वर्तमान
ऋक्षः क्षौद्रं पिबति,ऋक्षः,क्षौद्रम्,पिबति,वर्तमान
वानरः फलं क्षिपति,वानरः,फलम्,क्षिपति,वर्तमान
कपिः वृक्षं कम्पयति,कपिः,वृक्षम्,कम्पयति,वर्तमान
अजः पल्लवं भक्षयति,अजः,पल्लवम्,भक्षयति,वर्तमान
मेषः शृङ्गं घर्षति,मेषः,शृङ्गम्,घर्षति,वर्तमान
वराहः पङ्कं खनति,वराहः,पङ्कम्,खनति,वर्तमान
मृगः शष्पं चरिष्यति,मृगः,शष्पम्,चरिष्यति,भविष्यत्
शशकः कुञ्जं प्रवेक्ष्यति,शशकः,कुञ्जम्,प्रवेक्ष्यति,भविष्यत्
शृगालः मांसं चोरयिष्यति,शृगालः,मांसम्,चोरयिष्यति,भविष्यत्
वृकः उरणं खादिष्यति,वृकः,उरणम्,खादिष्यति,भविष्यत्
ऋक्षः क्षौद्रं पास्यति,ऋक्षः,क्षौद्रम्,पास्यति,भविष्यत्
वानरः फलं क्षेप्स्यति,वानरः,फलम्,क्षेप्स्यति,भविष्यत्
कपिः वृक्षं कम्पयिष्यति,कपिः,वृक्षम्,कम्पयिष्यति,भविष्यत्
अजः पल्लवं भक्षयिष्यति,अजः,पल्लवम्,भक्षयिष्यति,भविष्यत्
मेषः शृङ्गं घर्षिष्यति,मेषः,शृङ्गम्,घर्षिष्यति,भविष्यत्
वराहः पङ्कं खनिष्यति,वराहः,पङ्कम्,खनिष्यति,भविष्यत्
मृगः शष्पम् अचरत्,मृगः,शष्पम्,अचरत्,भूत
शशकः कुञ्जम् प्राविशत्,शशकः,कुञ्जम्,प्राविशत्,भूत
शृगालः मांसम् अचोरयत्,शृगालः,मांसम्,अचोरयत्,भूत
वृकः उरणम् अखादत्,वृकः,उरणम्,अखादत्,भूत
ऋक्षः क्षौद्रम् अपिबत्,ऋक्षः,क्षौद्रम्,अपिबत्,भूत
वानरः फलम् अक्षिपत्,वानरः,फलम्,अक्षिपत्,भूत
कपिः वृक्षम् अकम्पयत्,कपिः,वृक्षम्,अकम्पयत्,भूत
अजः पल्लवम् अभक्षयत्,अजः,पल्लवम्,अभक्षयत्,भूत
मेषः शृङ्गम् अघर्षत्,मेषः,शृङ्गम्,अघर्षत्,भूत
वराहः पङ्कम् अखनत्,वराहः,पङ्कम्,अखनत्,भूत
मत्स्यः जलं गाहते,मत्स्यः,जलम्,गाहते,वर्तमान
कच्छपः कूर्पमं सङ्कोचयति,कच्छपः,कूर्पमम्,सङ्कोचयति,वर्तमान
मकरः जन्तुं कर्षति,मकरः,जन्तुम्,कर्षति,वर्तमान
शिशुमारः तरङ्गं खण्डयति,शिशुमारः,तरङ्गम्,खण्डयति,वर्तमान
सर्पः बिडालं दशति,सर्पः,बिडालम्,दशति,वर्तमान
अजगरः मृगं गिलति,अजगरः,मृगम्,गिलति,वर्तमान
गोधिका कुड्यं आरोहति,गोधिका,कुड्यम्,आरोहति,वर्तमान
कृकलासः वर्णं परिवर्तयति,कृकलासः,वर्णम्,परिवर्तयति,वर्तमान
मण्डूकः मक्षिकां खादति,मण्डूकः,मक्षिकाम्,खादति,वर्तमान
कीटः धान्यं दूषयति,कीटः,धान्यम्,दूषयति,वर्तमान
मत्स्यः जलं गाहिष्यते,मत्स्यः,जलम्,गाहिष्यते,भविष्यत्
कच्छपः कूर्पमं सङ्कोचयिष्यति,कच्छपः,कूर्पमम्,सङ्कोचयिष्यति,भविष्यत्
मकरः जन्तुं कर्क्ष्यति,मकरः,जन्तुम्,कर्क्ष्यति,भविष्यत्
शिशुमारः तरङ्गं खण्डयिष्यति,शिशुमारः,तरङ्गम्,खण्डयिष्यति,भविष्यत्
सर्पः बिडालं दङ्क्ष्यति,सर्पः,बिडालम्,दङ्क्ष्यति,भविष्यत्
अजगरः मृगं गिलिष्यति,अजगरः,मृगम्,गिलिष्यति,भविष्यत्
गोधिका कुड्यम् आरोक्ष्यति,गोधिका,कुड्यम्,आरोक्ष्यति,भविष्यत्
कृकलासः वर्णं परिवर्तयिष्यति,कृकलासः,वर्णम्,परिवर्तयिष्यति,भविष्यत्
मण्डूकः मक्षिकां खादिष्यति,मण्डूकः,मक्षिकाम्,खादिष्यति,भविष्यत्
कीटः धान्यं दूषयिष्यति,कीटः,धान्यम्,दूषयिष्यति,भविष्यत्
मत्स्यः जलम् अगाहत,मत्स्यः,जलम्,अगाहत,भूत
कच्छपः कूर्पमम् असङ्कोचयत्,कच्छपः,कूर्पमम्,असङ्कोचयत्,भूत
मकरः जन्तुम् अकर्षत्,मकरः,जन्तुम्,अकर्षत्,भूत
शिशुमारः तरङ्गम् अखण्डयत्,शिशुमारः,तरङ्गम्,अखण्डयत्,भूत
सर्पः बिडालम् अदशत्,सर्पः,बिडालम्,अदशत्,भूत
अजगरः मृगम् अगिलत्,अजगरः,मृगम्,अगिलत्,भूत
गोधिका कुड्यम् आरोहत्,गोधिका,कुड्यम्,आरोहत्,भूत
कृकलासः वर्णम् अपरिवर्तयत्,कृकलासः,वर्णम्,अपरिवर्तयत्,भूत
मण्डूकः मक्षिकाम् अखादत्,मण्डूकः,मक्षिकाम्,अखादत्,भूत
कीटः धान्यम् अदूषयत्,कीटः,धान्यम्,अदूषयत्,भूत
वृक्षः फलं ददाति,वृक्षः,फलम्,ददाति,वर्तमान
लता कुसुमं विकासयति,लता,कुसुमम्,विकासयति,वर्तमान
गुल्मः कण्टकं धारयति,गुल्मः,कण्टकम्,धारयति,वर्तमान
तृणं जलं शोषयति,तृणम्,जलम्,शोषयति,वर्तमान
औषधिः रोगं नाशयति,औषधिः,रोगम्,नाशयति,वर्तमान
वनस्पतिः पुष्पं न जनयति,वनस्पतिः,पुष्पम्,जनयति,वर्तमान
मूलं जलं पिबति,मूलम्,जलम्,पिबति,वर्तमान
काण्डं शाखां धारयति,काण्डम्,शाखाम्,धारयति,वर्तमान
पत्रं आतपं सहते,पत्रम्,आतपम्,सहते,वर्तमान
पुष्पं गन्धं प्रसारयति,पुष्पम्,गन्धम्,प्रसारयति,वर्तमान
वृक्षः फलं दास्यति,वृक्षः,फलम्,दास्यति,भविष्यत्
लता कुसुमं विकासयिष्यति,लता,कुसुमम्,विकासयिष्यति,भविष्यत्
गुल्मः कण्टकं धारयिष्यति,गुल्मः,कण्टकम्,धारयिष्यति,भविष्यत्
तृणं जलं शोषयिष्यति,तृणम्,जलम्,शोषयिष्यति,भविष्यत्
औषधिः रोगं नाशयिष्यति,औषधिः,रोगम्,नाशयिष्यति,भविष्यत्
वनस्पतिः पुष्पं न जनयिष्यति,वनस्पतिः,पुष्पम्,जनयिष्यति,भविष्यत्
मूलं जलं पास्यति,मूलम्,जलम्,पास्यति,भविष्यत्
काण्डं शाखां धारयिष्यति,काण्डम्,शाखाम्,धारयिष्यति,भविष्यत्
पत्रं आतपं सहिष्यते,पत्रम्,आतपम्,सहिष्यते,भविष्यत्
पुष्पं गन्धं प्रसारयिष्यति,पुष्पम्,गन्धम्,प्रसारयिष्यति,भविष्यत्
वृक्षः फलम् अददात्,वृक्षः,फलम्,अददात्,भूत
लता कुसुमम् अविकासयत्,लता,कुसुमम्,अविकासयत्,भूत
गुल्मः कण्टकम् अधारयत्,गुल्मः,कण्टकम्,अधारयत्,भूत
तृणं जलम् अशोषयत्,तृणम्,जलम्,अशोषयत्,भूत
औषधिः रोगम् अनाशयत्,औषधिः,रोगम्,अनाशयत्,भूत
वनस्पतिः पुष्पं न अजनयत्,वनस्पतिः,पुष्पम्,अजनयत्,भूत
मूलं जलम् अपिबत्,मूलम्,जलम्,अपिबत्,भूत
काण्डं शाखाम् अधारयत्,काण्डम्,शाखाम्,अधारयत्,भूत
पत्रं आतपम् असहत्,पत्रम्,आतपम्,असहत्,भूत
पुष्पं गन्धम् अप्रसारयत्,पुष्पम्,गन्धम्,अप्रसारयत्,भूत
अन्नं प्राणं रक्षति,अन्नम्,प्राणम्,रक्षति,वर्तमान
पयः पुष्टिं करोति,पयः,पुष्टिम्,करोति,वर्तमान
घृतं बलं वर्धयति,घृतम्,बलम्,वर्धयति,वर्तमान
मधु कफं हन्ति,मधु,कफम्,हन्ति,वर्तमान
लवणं रुचिं ददाति,लवणम्,रुचिम्,ददाति,वर्तमान
व्यञ्जनं भोजनं भूषयति,व्यञ्जनम्,भोजनम्,भूषयति,वर्तमान
सूपः पाकं सुकरोति,सूपः,पाकम्,सुकरोति,वर्तमान
रोटिका क्षुधां शमयति,रोटिका,क्षुधाम्,शमयति,वर्तमान
ओदनं तृप्तिं यच्छति,ओदनम्,तृप्तिम्,यच्छति,वर्तमान
पायसं मोदं जनयति,पायसम्,मोदम्,जनयति,वर्तमान
अन्नं प्राणं रक्षिष्यति,अन्नम्,प्राणम्,रक्षिष्यति,भविष्यत्
पयः पुष्टिं करिष्यति,पयः,पुष्टिम्,करिष्यति,भविष्यत्
घृतं बलं वर्धयिष्यति,घृतम्,बलम्,वर्धयिष्यति,भविष्यत्
मधु कफं हनिष्यति,मधु,कफम्,हनिष्यति,भविष्यत्
लवणं रुचिं दास्यति,लवणम्,रुचिम्,दास्यति,भविष्यत्
व्यञ्जनं भोजनं भूषयिष्यति,व्यञ्जनम्,भोजनम्,भूषयिष्यति,भविष्यत्
सूपः पाकं सुकरिष्यति,सूपः,पाकम्,सुकरिष्यति,भविष्यत्
रोटिका क्षुधां शमयिष्यति,रोटिका,क्षुधाम्,शमयिष्यति,भविष्यत्
ओदनं तृप्तिं यम्स्यति,ओदनम्,तृप्तिम्,यम्स्यति,भविष्यत्
पायसं मोदं जनयिष्यति,पायसम्,मोदम्,जनयिष्यति,भविष्यत्
अन्नं प्राणम् अरक्षत्,अन्नम्,प्राणम्,अरक्षत्,भूत
पयः पुष्टिम् अकरोत्,पयः,पुष्टिम्,अकरोत्,भूत
घृतं बलम् अवर्धयत्,घृतम्,बलम्,अवर्धयत्,भूत
मधु कफम् अहन्,मधु,कफम्,अहन्,भूत
लवणं रुचिम् अददात्,लवणम्,रुचिम्,अददात्,भूत
व्यञ्जनं भोजनम् अभूषयत्,व्यञ्जनम्,भोजनम्,अभूषयत्,भूत
सूपः पाकम् असुकरोत्,सूपः,पाकम्,असुकरोत्,भूत
रोटिका क्षुधाम् अशमयत्,रोटिका,क्षुधाम्,अशमयत्,भूत
ओदनं तृप्तिम् अयच्छत्,ओदनम्,तृप्तिम्,अयच्छत्,भूत
पायसं मोदम् अजनयत्,पायसम्,मोदम्,अजनयत्,भूत
वेदः ज्ञानं ददाति,वेदः,ज्ञानम्,ददाति,वर्तमान
स्मृतिः धर्मं बोधयति,स्मृतिः,धर्मम्,बोधयति,वर्तमान
पुराणं चरित्रं वर्णयति,पुराणम्,चरित्रम्,वर्णयति,वर्तमान
काव्यं रसं स्रवति,काव्यम्,रसम्,स्रवति,वर्तमान
नाटकं भावं दर्शयति,नाटकम्,भावम्,दर्शयति,वर्तमान
शास्त्रं विचारं कल्पयति,शास्त्रम्,विचारम्,कल्पयति,वर्तमान
दर्शनं सत्यं निरूपयति,दर्शनम्,सत्यम्,निरूपयति,वर्तमान
नीतिः व्यवहारं शिक्षयति,नीतिः,व्यवहारम्,शिक्षयति,वर्तमान
तर्कः प्रमाणं साधयति,तर्कः,प्रमाणम्,साधयति,वर्तमान
व्याकरणं शब्दं साधुकरोति,व्याकरणम्,शब्दम्,साधुकरोति,वर्तमान
वेदः ज्ञानं दास्यति,वेदः,ज्ञानम्,दास्यति,भविष्यत्
स्मृतिः धर्मं बोधयिष्यति,स्मृतिः,धर्मम्,बोधयिष्यति,भविष्यत्
पुराणं चरित्रं वर्णयिष्यति,पुराणम्,चरित्रम्,वर्णयिष्यति,भविष्यत्
काव्यं रसं स्रविष्यति,काव्यम्,रसम्,स्रविष्यति,भविष्यत्
नाटकं भावं दर्शयिष्यति,नाटकम्,भावम्,दर्शयिष्यति,भविष्यत्
शास्त्रं विचारं कल्पयिष्यति,शास्त्रम्,विचारम्,कल्पयिष्यति,भविष्यत्
दर्शनं सत्यं निरूपयिष्यति,दर्शनम्,सत्यम्,निरूपयिष्यति,भविष्यत्
नीतिः व्यवहारं शिक्षयिष्यति,नीतिः,व्यवहारम्,शिक्षयिष्यति,भविष्यत्
तर्कः प्रमाणं साधयिष्यति,तर्कः,प्रमाणम्,साधयिष्यति,भविष्यत्
व्याकरणं शब्दं साधुकरिष्यति,व्याकरणम्,शब्दम्,साधुकरिष्यति,भविष्यत्
वेदः ज्ञानम् अददात्,वेदः,ज्ञानम्,अददात्,भूत
स्मृतिः धर्मम् अबोधयत्,स्मृतिः,धर्मम्,अबोधयत्,भूत
पुराणं चरित्रम् अवर्णयत्,पुराणम्,चरित्रम्,अवर्णयत्,भूत
काव्यं रसम् अस्रवत्,काव्यम्,रसम्,अस्रवत्,भूत
नाटकं भावम् अदर्शयत्,नाटकम्,भावम्,अदर्शयत्,भूत
शास्त्रं विचारम् अकल्पयत्,शास्त्रम्,विचारम्,अकल्पयत्,भूत
दर्शनं सत्यम् अनिरूपयत्,दर्शनम्,सत्यम्,अनिरूपयत्,भूत
नीतिः व्यवहारम् अशिक्षयत्,नीतिः,व्यवहारम्,अशिक्षयत्,भूत
तर्कः प्रमाणम् असाधयत्,तर्कः,प्रमाणम्,असाधयत्,भूत
व्याकरणं शब्दम् असाधुकरोत्,व्याकरणम्,शब्दम्,असाधुकरोत्,भूत
सुखं शान्तिं जनयति,सुखम्,शान्तिम्,जनयति,वर्तमान
दुःखं खेदं करोति,दुःखम्,खेदम्,करोति,वर्तमान
हर्षः रोमाञ्चं कल्पयति,हर्षः,रोमाञ्चम्,कल्पयति,वर्तमान
विषादः अश्रुं मुञ्चति,विषादः,अश्रुम्,मुञ्चति,वर्तमान
क्रोधः विवेकं नाशयति,क्रोधः,विवेकम्,नाशयति,वर्तमान
लोभः पापं वर्धयति,लोभः,पापम्,वर्धयति,वर्तमान
मोहः अज्ञानं द्रढयति,मोहः,अज्ञानम्,द्रढयति,वर्तमान
कामः वासनां दी्पयति,कामः,वासनाम्,दी्पयति,वर्तमान
मदः गर्वं कल्पयति,मदः,गर्वम्,कल्पयति,वर्तमान
मात्सर्यं द्वेषं वर्धयति,मात्सर्यम्,द्वेषम्,वर्धयति,वर्तमान
सुखं शान्तिं जनयिष्यति,सुखम्,शान्तिम्,जनयिष्यति,भविष्यत्
दुःखं खेदं करिष्यति,दुःखम्,खेदम्,करिष्यति,भविष्यत्
हर्षः रोमाञ्चं कल्पयिष्यति,हर्षः,रोमाञ्चम्,कल्पयिष्यति,भविष्यत्
विषादः अश्रुं मोक्ष्यति,विषादः,अश्रुम्,मोक्ष्यति,भविष्यत्
क्रोधः विवेकं नाशयिष्यति,क्रोधः,विवेकम्,नाशयिष्यति,भविष्यत्
लोभः पापं वर्धयिष्यति,लोभः,पापम्,वर्धयिष्यति,भविष्यत्
मोहः अज्ञानं द्रढयिष्यति,मोहः,अज्ञानम्,द्रढयिष्यति,भविष्यत्
कामः वासनां दी्पयिष्यति,कामः,वासनाम्,दी्पयिष्यति,भविष्यत्
मदः गर्वं कल्पयिष्यति,मदः,गर्वम्,कल्पयिष्यति,भविष्यत्
मात्सर्यं द्वेषं वर्धयिष्यति,मात्सर्यम्,द्वेषम्,वर्धयिष्यति,भविष्यत्
सुखं शान्तिम् अजनयत्,सुखम्,शान्तिम्,अजनयत्,भूत
दुःखं खेदम् अकरोत्,दुःखम्,खेदम्,अकरोत्,भूत
हर्षः रोमाञ्चम् अकल्पयत्,हर्षः,रोमाञ्चम्,अकल्पयत्,भूत
विषादः अश्रुम् अमुञ्चत्,विषादः,अश्रुम्,अमुञ्चत्,भूत
क्रोधः विवेकम् अनाशयत्,क्रोधः,विवेकम्,अनाशयत्,भूत
लोभः पापम् अवर्धयत्,लोभः,पापम्,अवर्धयत्,भूत
मोहः अज्ञानम् अद्रढयत्,मोहः,अज्ञानम्,अद्रढयत्,भूत
कामः वासनाम् अदी्पयत्,कामः,वासनाम्,अदी्पयत्,भूत
मदः गर्वम् अकल्पयत्,मदः,गर्वम्,अकल्पयत्,भूत
मात्सर्यं द्वेषम् अवर्धयत्,मात्सर्यम्,द्वेषम्,अवर्धयत्,भूत
विप्रः स्वाध्यायं करोति,विप्रः,स्वाध्यायम्,करोति,वर्तमान
क्षत्रियः शस्त्रं धारयति,क्षत्रियः,शस्त्रम्,धारयति,वर्तमान
वैश्यः वाणिज्यं करोति,वैश्यः,वाणिज्यम्,करोति,वर्तमान
शूद्रः सेवां करोति,शूद्रः,सेवाम्,करोति,वर्तमान
यजमानः दक्षिणां ददाति,यजमानः,दक्षिणाम्,ददाति,वर्तमान
पुरोहितः मन्त्रं उच्चारयति,पुरोहितः,मन्त्रम्,उच्चारयति,वर्तमान
अमात्यः मन्त्रणां करोति,अमात्यः,मन्त्रणाम्,करोति,वर्तमान
सेनापतिः सेनां नयति,सेनापतिः,सेनाम्,नयति,वर्तमान
दूतः सन्धिं करोति,दूतः,सन्धिम्,करोति,वर्तमान
चरः वार्तां हरति,चरः,वार्ताम्,हरति,वर्तमान
विप्रः स्वाध्यायं करिष्यति,विप्रः,स्वाध्यायम्,करिष्यति,भविष्यत्
क्षत्रियः शस्त्रं धारयिष्यति,क्षत्रियः,शस्त्रम्,धारयिष्यति,भविष्यत्
वैश्यः वाणिज्यं करिष्यति,वैश्यः,वाणिज्यम्,करिष्यति,भविष्यत्
शूद्रः सेवां करिष्यति,शूद्रः,सेवाम्,करिष्यति,भविष्यत्
यजमानः दक्षिणां दास्यति,यजमानः,दक्षिणाम्,दास्यति,भविष्यत्
पुरोहितः मन्त्रं उच्चारयिष्यति,पुरोहितः,मन्त्रम्,उच्चारयिष्यति,भविष्यत्
अमात्यः मन्त्रणां करिष्यति,अमात्यः,मन्त्रणाम्,करिष्यति,भविष्यत्
सेनापतिः सेनां नेष्यति,सेनापतिः,सेनाम्,नेष्यति,भविष्यत्
दूतः सन्धिं करिष्यति,दूतः,सन्धिम्,करिष्यति,भविष्यत्
चरः वार्तां हरिष्यति,चरः,वार्ताम्,हरिष्यति,भविष्यत्
विप्रः स्वाध्यायम् अकरोत्,विप्रः,स्वाध्यायम्,अकरोत्,भूत
